,지점,지점명,지점주소,관리관서
0,3,선봉,,
1,5,삼지연,,
2,8,청진,,
3,12,안면도(감),,
4,14,중강,,
5,16,혜산,,
6,20,강계,,
7,22,풍산,,
8,25,김책,,
9,28,수풍,,
10,31,장진,,
11,35,신의주,,
12,37,구성,,
13,39,희천,,
14,41,함흥,,
15,46,신포,,
16,50,안주,,
17,52,양덕,,
18,55,원산,,
19,58,평양,,
20,60,남포,,
21,61,장전,,
22,65,사리원,,
23,67,신계,,
24,68,용연,,
25,69,해주,,
26,70,개성,,
27,75,평강,,
28,90,속초,강원도 고성군토성면 봉포5길9 속초자동기상관측소 ,속초기상대(90)
29,90,속초,강원도 고성군토성면 봉포5길9 속초자동기상관측소 ,강릉(구 105)
30,92,양양공항,,
31,93,북춘천,강원도 춘천시신북읍 산천리264(장본1길 12) 춘천기상대,춘천기상대(101)
33,94,광덕산,,춘천기상대(101)
34,95,철원,강원도 철원군갈말읍 명성로179번길 26 철원자동기상관측소,춘천기상대(101)
35,96,독도,경상북도 울릉군울릉읍 독도이사부길63  ,울릉도기상대(115)
37,98,동두천,경기도 동두천시방죽로 16-47동두천서비스센터  ,수도권기상청(119)
38,99,파주,경기도 파주시문산읍 마정로46-29(파주기상대)  ,수도권기상청(119)
39,99,문산,경기도 파주시문산읍 마정로46-29(파주기상대)  ,파주기상대(99)
40,100,대관령,강원도 평창군대관령면 경강로5372 대관령자동기상관측소 ,강릉(구 105)
41,100,대관령,강원도 평창군대관령면 경강로5372 대관령자동기상관측소 ,대관령기상대(100)
42,100,대관령,강원도 평창군대관령면 경강로5372 대관령자동기상관측소 ,
43,101,춘천,강원도 춘천시충열로 91번길12 춘천자동기상관측소 ,춘천기상대(101)
45,102,백령도,인천광역시 옹진군백령면 진촌리1031  ,백령도기상대(102)
49,102,백령,인천광역시 옹진군백령면 진촌리1031  ,백령도기상대(102)
50,104,북강릉,강원도 강릉시사천면 과학단지로130 강원지방기상청 ,강릉(구 105)
51,105,강릉,강원도 강릉시용강동 63-20강릉자동기상관측소  ,강릉(구 105)
52,106,동해,강원도 동해시중앙로 31동해자동기상관측소  ,동해기상대(106)
53,108,서울,서울특별시 종로구송월길 52서울기상관측소  ,
54,108,서울,서울특별시 종로구송월길 52서울기상관측소  ,서울기상관측소(108)
56,110,김포공항,,
57,112,인천,인천광역시 중구 자유공원서로 61인천기상대(전동),인천기상대(112)
59,113,인천공항,,
60,114,원주,강원도 원주시단구로 159원주자동기상관측소  ,원주기상대(114)
61,115,울릉도,경상북도 울릉군울릉읍 무릉길227-75 울릉도관측소 ,울릉도기상대(115)
62,115,울릉도독도(감),경상북도 울릉군울릉읍 무릉길227-75 울릉도관측소 ,울릉도기상대(115)
63,115,울릉도독도(감),경상북도 울릉군울릉읍 무릉길227-75 울릉도관측소 ,
65,116,관악산,경기도 과천시중앙로 관악산길(관악산기상레이더관측소)  ,
66,116,관악(레),경기도 과천시중앙로 관악산길(관악산기상레이더관측소)  ,
69,119,수원(농),경기도 수원시권선구 권선로276  ,
70,119,수원,경기도 수원시권선구 권선로276  ,
72,119,수원,경기도 수원시권선구 권선로276  ,수도권기상청(119)
73,121,영월,강원도 영월군영월읍 영월로 1894-25 영월자동기상관측소,영월기상대(121)
74,121,영월,강원도 영월군영월읍 영월로 1894-25 영월자동기상관측소,춘천기상대(101)
75,127,충주,충청북도 충주시안림로 55(안림동 521-5번지) ,청주기상대(131)
76,129,서산,충청남도 서산시수석1길 124-1  ,홍성기상대(서산 129)
77,129,서산(농),충청남도 서산시수석1길 124-1  ,
78,130,울진,경상북도 울진군울진읍 현내항길157 울진지역기상서비스센터 ,안동기상대(136)
80,130,울진,경상북도 울진군울진읍 현내항길157 울진지역기상서비스센터 ,대구(구 143)
81,131,청주,충청북도 청주시흥덕구 공단로76 청주기상지청 ,청주기상대(131)
82,132,안면도(감),,
84,132,안면센터,,
85,133,대전,대전광역시 유성구대학로 383(대전광역시 유성구 구성동22),대전지방기상청(133)
86,135,추풍령,충청북도 영동군추풍령면 관리길25-15 추풍령지역기상서비스센터 ,청주기상대(131)
88,136,안동,경상북도 안동시열루재1길 16(운안동433-1) 안동기상대 ,안동기상대(136)
92,136,안동,경상북도 안동시열루재1길 16(운안동433-1) 안동기상대 ,
93,137,상주,경상북도 상주시남산2길 322상주지역기상서비스센터  ,대구(구 143)
94,138,포항,경상북도 포항시남구 송도로70 포항관측소 ,포항기상대(138)
95,140,군산,전라북도 군산시내흥동 425-10호군산지역기상서비스센터  ,전주기상대(146)
97,140,군산,전라북도 군산시내흥동 425-10호군산지역기상서비스센터  ,
98,143,대구,대구광역시 동구 효동로2길 10대구지방기상청 (효목동),대구(구 143)
101,144,군산(레),,군산기상대(140)
102,144,오성산,,
103,146,전주,전라북도 전주시덕진구 상가마을길25 전주기상지청 ,전주기상대(146)
106,151,울산공항,,
107,152,울산,울산광역시 중구달빛로 65-26(약사동)울산기상대  ,울산기상대(152)
112,155,창원,경상남도 창원시마산합포구 가포순환로172 창원기상대 ,창원기상대(155)
113,155,마산,경상남도 창원시마산합포구 가포순환로172 창원기상대 ,
115,156,광주,광주광역시 북구 서암대로 71광주지방기상청 (운암동),광주지방기상청(156)
117,159,부산,부산광역시 중구복병산길 32번길 5-11 부산기상관측소 (대청동1가),부산지방기상청(159)
118,160,구덕산,부산광역시 서구구덕산길 96번지구덕산기상레이더관측소  ,부산지방기상청(159)
119,160,부산(레),부산광역시 서구구덕산길 96번지구덕산기상레이더관측소  ,부산지방기상청(159)
121,162,통영,경상남도 통영시 망일1길 67통영자동기상관측소(정량동),부산지방기상청(159)
122,163,무안공항,,
123,164,무안,,
124,165,목포,전라남도 목포시연산동 726-3번지목포기상대  ,목포기상대(165)
126,167,여수공항,,
127,168,여수,전라남도 여수시고소동 304  ,여수기상대(168)
128,169,흑산도,전라남도 신안군흑산면 예리3길 21-90 흑산도관측소,흑산도기상대(169)
130,170,완도,전라남도 완도군군외면 청해진로795-3 (불목리 26),목포기상대(165)
131,172,고창,전라북도 고창군대산면 매산리399-13  ,전주기상대(146)
132,174,순천,전라남도 순천시승주읍 평중리230번지 순천지역기상서비스센터 ,광주지방기상청(156)
133,175,진도(레),전라남도 진도군의신면 운림산방로527-209  ,목포기상대(165)
135,175,진도(첨찰산),전라남도 진도군의신면 운림산방로527-209  ,목포기상대(165)
139,175,진도(첨찰산),전라남도 진도군의신면 운림산방로527-209  ,진도기상대(175)
140,176,대구(기),,대구기상대(176)
141,177,홍성,충청남도 홍성군홍북읍 신경리872(홍성기상대)  ,
142,177,홍성(예),충청남도 홍성군홍북읍 신경리872(홍성기상대)  ,홍성기상대(서산 129)
143,182,제주공항,,
144,184,제주,제주특별자치도 제주시만덕로 6길 32 제주지방기상청,제주지방기상청(184)
145,185,고산,제주특별자치도 제주시한경면 노을해안로1013-70 고산레이더관측소 ,제주지방기상청(184)
147,187,성산,,
148,188,성산,제주특별자치도 서귀포시성산읍 신난로11 성산레이더관측소 ,제주지방기상청(184)
149,188,성산,제주특별자치도 서귀포시성산읍 신난로11 성산레이더관측소 ,성산지역기상서비스센터(188)
150,189,서귀포,제주특별자치도 서귀포시태평로 439번길17 서귀포관측소 ,제주지방기상청(184)
151,189,서귀포,제주특별자치도 서귀포시태평로 439번길17 서귀포관측소 ,서귀포지역기상서비스센터(189)
152,192,진주,경상남도 진주시 남강로 43진주자동기상관측소(평거동),창원기상대(155)
154,192,진주,경상남도 진주시 남강로 43진주자동기상관측소(평거동),
155,201,강화,인천광역시 강화군불은면 삼성리811-1 강화기상관측소 ,인천기상대(112)
157,202,양평,경기도 양평군 양평읍 시민로20번길 14-1양평자동기상관측소20번길 43844 양평자동기상관측소,수도권기상청(119)
158,203,이천,경기도 이천시부발읍 대산로546번길 8 이천기상서비스센터,수도권기상청(119)
159,211,인제,강원도 인제군인제읍 비봉로44번길 93 인제자동기상관측소,인제자동기상관측소(211)
160,212,홍천,강원도 홍천군홍천읍 연봉동로27 홍천자동기상관측소 ,춘천기상대(101)
161,214,삼척,,
162,216,태백,강원도 태백시문예1길 45태백자동기상관측소  ,태백자동기상관측소(216)
163,217,정선군,강원도 정선군정선읍 북실리773-7 정선공동기상관측소 ,
164,221,제천,충청북도 제천시대학로 123(신월동 348번지) 제천기상관측소,청주기상대(131)
165,226,보은,충청북도 보은군보은읍 성주길57 보은자동기상관측소 ,청주기상대(131)
166,229,북격렬비도,충청남도 태안군근흥면 가의도리산 27(북격렬비도) ,대전지방기상청(133)
169,229,격렬비도,충청남도 태안군근흥면 가의도리산 27(북격렬비도) ,대전지방기상청(133)
170,229,격렬,충청남도 태안군근흥면 가의도리산 27(북격렬비도) ,대전지방기상청(133)
171,232,천안,충청남도 천안시동남구 병천면병천리 263-3(천안지역기상서비스센터) ,대전지방기상청(133)
172,232,천안,충청남도 천안시동남구 병천면병천리 263-3(천안지역기상서비스센터) ,천안지역기상서비스센터(232)
174,235,보령,충청남도 보령시대해로 450보령지역기상서비스센터  ,대전지방기상청(133)
175,236,부여,충청남도 부여군부여읍 금성로63 부여기상관측소 ,대전지방기상청(133)
176,238,금산,충청남도 금산군금산읍 비단로410-8 금산자동기상관측소 ,대전지방기상청(133)
177,239,세종,세종특별자치시 새롬동산 61  ,대전지방기상청(133)
178,239,세종(예),세종특별자치시 새롬동산 61  ,대전지방기상청(133)
179,243,부안,전라북도 부안군행안면 역리315-1번지 부안기상관측소 ,전주기상대(146)
180,244,임실,전라북도 임실군임실읍 운수로58임실자동기상관측소  ,전주기상대(146)
181,245,정읍,전라북도 정읍시서부산업도로 168-43국립전북기상과학관  ,전주기상대(146)
183,247,남원,전라북도 남원시춘향로 74-32남원지역기상서비스센터  ,전주기상대(146)
185,247,남원,전라북도 남원시춘향로 74-32남원지역기상서비스센터  ,남원기상대(247)
186,248,장수,전라북도 장수군장수읍 선창리373-3 (장수자동관측소) ,전주기상대(146)
187,251,고창군,전라북도 고창군중거리당산로 74-12 상하수도사업소,전주기상대(146)
188,251,고창,전라북도 고창군중거리당산로 74-12 상하수도사업소,고창기상대(미사용 251)
190,252,영광군,전라남도 영광군복호로 7영광군 현장방사능방재지휘센터 ,광주지방기상청(156)
191,253,김해시,경상남도 김해시부원동 121번지  ,부산지방기상청(159)
192,254,순창군,전라북도 순창군순창읍 교성리258 순창군공설운동장 ,전주기상대(146)
193,255,북창원,경상남도 창원시성산구 외동반림로93 외동배수지 ,창원기상대(155)
194,255,창원시,경상남도 창원시성산구 외동반림로93 외동배수지 ,
195,256,주암,,순천기상대(174)
196,256,순천,,순천기상대(미사용 256)
197,257,양산시,경상남도 양산시동면 강변로54 수질정화공원 ,울산기상대(152)
198,258,보성군(농),전라남도 보성군득량면 예당리3046-2번지  ,
199,258,보성군,전라남도 보성군득량면 예당리3046-2번지  ,여수기상대(168)
201,259,강진군,전라남도 강진군 강진읍 종합운동장길 58-8종합운동장 내,목포기상대(165)
203,260,장흥,전라남도 장흥군장흥읍 축내리271-11  ,목포기상대(165)
204,261,해남,전라남도 해남군해남읍 남천리175-1 해남자동기상관측소 ,목포기상대(165)
205,262,고흥,전라남도 고흥군고흥읍 행정리483-1번지  ,여수기상대(168)
207,263,의령군,경상남도 의령군의합대로 44-54의령종합환경관리사업소  ,창원기상대(155)
208,264,함양군,경상남도 함양군함양읍 용평리915-202  ,창원기상대(155)
209,265,성산포,,
210,266,광양시,전라남도 광양시중동 산109-3  ,광주지방기상청(156)
212,268,진도군,전라남도 진도군진도읍 남동리291  ,목포기상대(165)
213,271,봉화,경상북도 봉화군춘양면 서동길59 봉화자동기상관측소 ,안동기상대(136)
214,271,봉화,경상북도 봉화군춘양면 서동길59 봉화자동기상관측소 ,대구(구 143)
215,272,영주,경상북도 영주시풍기읍 남원로178(성내리 240-55) 영주자동기상관측소,안동기상대(136)
216,273,문경,경상북도 문경시유곡불정로 223문경자동기상관측소  ,대구(구 143)
217,273,문경,경상북도 문경시유곡불정로 223문경자동기상관측소  ,안동기상대(136)
219,276,청송군,경상북도 청송군청송읍 길안청송로1591-9(덕리 519-1) 청송군공동협력기상관측소,대구(구 143)
220,276,청송군,경상북도 청송군청송읍 길안청송로1591-9(덕리 519-1) 청송군공동협력기상관측소,안동기상대(136)
221,277,영덕,경상북도 영덕군영해면 318만세길90-19 영덕자동기상관측소 ,포항기상대(138)
222,277,영덕,경상북도 영덕군영해면 318만세길90-19 영덕자동기상관측소 ,울진기상대(130)
223,278,의성,경상북도 의성군의성읍 홍술로89-14 의성자동기상관측소 ,대구(구 143)
224,279,구미,경상북도 구미시원남로2길 16구미지역기상서비스센터  ,대구(구 143)
225,281,영천,경상북도 영천시망정3길 35영천기상관측소  ,대구(구 143)
226,283,경주시,경상북도 경주시서라벌대로336-20 탑동정수장  ,포항기상대(138)
227,284,거창,경상남도 거창군 거창읍 수남로 2117거창자동기상관측소,울산기상대(152)
228,284,거창,경상남도 거창군 거창읍 수남로 2117거창자동기상관측소,거창기상대(284)
229,285,합천,경상남도 합천군합천읍 동서로164번 합천자동기상관측소 ,울산기상대(152)
230,288,밀양,경상남도 밀양시점필재로 5밀양자동기상관측소  ,울산기상대(152)
231,289,산청,경상남도 산청군 산청읍 꽃봉산로133번길 3산청자동기상관측소,창원기상대(155)
232,294,거제,경상남도 거제시 장평2로2길 47거제자동기상관측소(장평동),부산지방기상청(159)
233,295,남해,경상남도 남해군이동면 남해대로2423 남해자동기상관측소 ,부산지방기상청(159)
234,296,북부산,부산광역시 강서구대저동 1246,부산지방기상청(159)
235,300,말도,전라북도 군산시옥도면 말도2길29(말도등대)  ,전주기상대(146)
238,300,말도,전라북도 군산시옥도면 말도2길29(말도등대)  ,군산기상대(140)
240,301,임자도,전라남도 신안군임자면 진리184-9 파크골프장 ,목포기상대(165)
243,301,안마도,전라남도 신안군임자면 진리184-9 파크골프장 ,광주지방기상청(156)
244,302,장산도,전라남도 신안군장산면 오음리 25-543976  ,목포기상대(165)
247,303,가거도,전라남도 신안군흑산면 가거도리산95  ,흑산도기상대(169)
253,304,신지도,전라남도 완도군신지면 월양리855  ,목포기상대(165)
255,304,신지도,전라남도 완도군신지면 월양리855  ,완도기상대(170)
257,304,소안도,전라남도 완도군신지면 월양리855  ,완도기상대(170)
258,304,당사도,전라남도 완도군신지면 월양리855  ,완도기상대(170)
259,305,여서도,전라남도 완도군청산면 여서리519 여서도내연발전소 ,목포기상대(165)
260,305,여서도,전라남도 완도군청산면 여서리519 여서도내연발전소 ,완도기상대(170)
262,306,소리도,전라남도 여수시남면 연도리1619-19  ,여수기상대(168)
265,307,평도,,여수기상대(168)
266,308,옥도,전라남도 신안군하의면 옥도리105-2  ,목포기상대(165)
268,309,판문점,,
269,310,궁촌,강원도 삼척시근덕면 궁촌리369-2 삼척해양레일바이크 ,강릉(구 105)
270,310,궁촌,강원도 삼척시근덕면 궁촌리369-2 삼척해양레일바이크 ,동해기상대(106)
271,310,묵호,강원도 삼척시근덕면 궁촌리369-2 삼척해양레일바이크 ,동해기상대(106)
272,311,가야산,경상남도 합천군가야면 치인1길13-45 해인사관광호텔 ,울산기상대(152)
273,311,가야산,경상남도 합천군가야면 치인1길13-45 해인사관광호텔 ,거창기상대(284)
274,312,주왕산,경상북도 청송군부동면 공원길169-7(상의리 406) 주왕산국립공원사무소,대구(구 143)
275,312,주왕산,경상북도 청송군부동면 공원길169-7(상의리 406) 주왕산국립공원사무소,안동기상대(136)
277,313,양지암,경상남도 거제시능포동 116-27 양지암조각공원,부산지방기상청(159)
280,313,양지암,경상남도 거제시능포동 116-27 양지암조각공원,통영기상대(162)
281,314,설천봉,전라북도 무주군설천면 만선로185 무주리조트 설천봉정상,전주기상대(146)
282,314,덕유봉,전라북도 무주군설천면 만선로185 무주리조트 설천봉정상,전주기상대(146)
284,314,덕유봉,전라북도 무주군설천면 만선로185 무주리조트 설천봉정상,추풍령지역기상서비스센터(135)
287,315,성삼재,전라남도 구례군산동면 노고단로1068 성삼재휴게소 ,광주지방기상청(156)
289,315,성삼재,전라남도 구례군산동면 노고단로1068 성삼재휴게소 ,남원기상대(247)
290,315,지리산,전라남도 구례군산동면 노고단로1068 성삼재휴게소 ,전주기상대(146)
291,316,무등산,광주광역시 동구용연동 산354-4 KBS광주방송총국 무등산송신소,광주지방기상청(156)
293,316,무등봉,광주광역시 동구용연동 산354-4 KBS광주방송총국 무등산송신소,광주지방기상청(156)
294,317,구이,전라북도 완주군구이면 원기리 716-6,전주기상대(146)
295,317,모악산,전라북도 완주군구이면 원기리 716-6,전주기상대(146)
297,318,용평,강원도 평창군대관령면 용산리 506,강릉(구 105)
299,318,용평,강원도 평창군대관령면 용산리 506,대관령기상대(100)
301,319,천부,경상북도 울릉군 북면 천부길 95-3천부초등학교34759 천부초등학교 ,울릉도기상대(115)
303,320,향로봉,강원도 고성군수동면 상원리 유곡대대,강릉(구 105)
307,320,향로봉,강원도 고성군수동면 상원리 유곡대대,속초기상대(90)
309,321,원통,강원도 인제군북면 원통리 육군 제1862부대 12사단 사령부,강릉(구 105)
312,322,상서,강원도 화천군상서면 산양리 180 7사단 5여단,춘천기상대(101)
314,322,상서,강원도 화천군상서면 산양리 180 7사단 5여단,철원기상대(95)
315,323,마현,강원도 철원군 근남면 영서로 9579승리전망대매표소,춘천기상대(101)
317,323,마현,강원도 철원군 근남면 영서로 9579승리전망대매표소,철원기상대(95)
319,324,송계,충청북도 제천시한수면 탄지리527-6  ,청주기상대(131)
320,324,송계,충청북도 제천시한수면 탄지리527-6  ,충주지역기상서비스센터(127)
322,324,월악산,충청북도 제천시한수면 탄지리527-6  ,충주지역기상서비스센터(127)
323,325,백운,충청북도 제천시백운면 구학산로2길 54-19 (평동리,청주기상대(131)
324,325,백운,충청북도 제천시백운면 구학산로2길 54-19 (평동리,충주지역기상서비스센터(127)
326,326,용문산,경기도 양평군용문면 중원리464  ,
327,326,용문산,경기도 양평군용문면 중원리464  ,이천지역기상서비스센터(203)
329,327,우암산,충청북도 청주시상당구 명암로143 국립청주박물관 ,청주기상대(131)
330,328,중문,제주특별자치도 서귀포시중문관광로 72번길60 중문골프장 ,제주지방기상청(184)
332,328,중문,제주특별자치도 서귀포시중문관광로 72번길60 중문골프장 ,서귀포지역기상서비스센터(189)
333,329,산천단,제주특별자치도 제주시아라일동 3-8 KBS제주방송총국 아라송신소,제주지방기상청(184)
336,329,아라,제주특별자치도 제주시아라일동 3-8 KBS제주방송총국 아라송신소,제주지방기상청(184)
337,329,오등,제주특별자치도 제주시아라일동 3-8 KBS제주방송총국 아라송신소,제주지방기상청(184)
338,330,대흘,제주특별자치도 제주시 조천읍 중산간동로 601상하수도 본부,제주지방기상청(184)
340,330,회수,제주특별자치도 제주시 조천읍 중산간동로 601상하수도 본부,제주지방기상청(184)
341,330,회수,제주특별자치도 제주시 조천읍 중산간동로 601상하수도 본부,서귀포지역기상서비스센터(189)
342,330,하원,제주특별자치도 제주시 조천읍 중산간동로 601상하수도 본부,서귀포지역기상서비스센터(189)
343,350,조침령,강원도 인제군기린면 진동리 3-23,강릉(구 105)
344,364,분당구,,
346,365,석수동,,
348,366,오전동,,
350,368,수택동,,동두천지역기상서비스센터(98)
352,368,수택동,,서울기상관측소(108)
353,369,수리산길,,
355,376,광명노온,,
356,377,안양만안,,
357,379,번암,,전주기상대(146)
358,399,서청주,,청주기상대(131)
364,399,청원,,청주기상대(131)
365,400,강남,서울특별시 강남구일원동 580탄천 물재생센터 ,
368,400,강남,서울특별시 강남구일원동 580탄천 물재생센터 ,서울기상관측소(108)
369,401,서초,서울특별시 서초구서초동 1416번지서초 IC ,
371,401,서초,서울특별시 서초구서초동 1416번지서초 IC ,서울기상관측소(108)
372,402,강동,서울특별시 강동구고덕로 183서울종합직업전문학교  ,
373,402,강동,서울특별시 강동구고덕로 183서울종합직업전문학교  ,서울기상관측소(108)
374,403,송파,서울특별시 송파구올림픽로 240롯데월드  ,
375,403,송파,서울특별시 송파구올림픽로 240롯데월드  ,서울기상관측소(108)
376,404,강서,서울특별시 강서구양천로 201서남물재생센터  ,
377,404,강서,서울특별시 강서구양천로 201서남물재생센터  ,서울기상관측소(108)
378,405,양천,서울특별시 양천구목동동로 298목동주차장  ,
379,405,양천,서울특별시 양천구목동동로 298목동주차장  ,서울기상관측소(108)
380,406,도봉,서울특별시 도봉구시루봉로 173신방학초등학교  ,
381,406,도봉,서울특별시 도봉구시루봉로 173신방학초등학교  ,서울기상관측소(108)
382,407,노원,서울특별시 노원구공릉동 사서함 230-3호 사서함 77호 육군사관학교 ,
383,407,노원,서울특별시 노원구공릉동 사서함 230-3호 사서함 77호 육군사관학교 ,서울기상관측소(108)
384,408,동대문,서울특별시 동대문구서울시립대로 163 서울시립대학교 창공관,
385,408,동대문,서울특별시 동대문구서울시립대로 163 서울시립대학교 창공관,서울기상관측소(108)
386,409,중랑,서울특별시 중랑구면목로57길 32면동초등학교  ,
387,409,중랑,서울특별시 중랑구면목로57길 32면동초등학교  ,서울기상관측소(108)
388,410,기상청,서울특별시 동작구 여의대방로16길 61기상청(신대방동),
390,410,기상청,서울특별시 동작구 여의대방로16길 61기상청(신대방동),서울기상관측소(108)
391,410,동작,서울특별시 동작구 여의대방로16길 61기상청(신대방동),서울기상관측소(108)
392,411,마포,서울특별시 마포구창전동 산1-75와우산 제1025부대 ,
393,411,마포,서울특별시 마포구창전동 산1-75와우산 제1025부대 ,서울기상관측소(108)
394,412,서대문,서울특별시 서대문구연세로 50연세대학교  ,
396,412,서대문,서울특별시 서대문구연세로 50연세대학교  ,서울기상관측소(108)
397,413,광진,서울특별시 광진구자양2동 680-67제5858부대  ,
398,413,광진,서울특별시 광진구자양2동 680-67제5858부대  ,인천기상대(112)
399,413,광진,서울특별시 광진구자양2동 680-67제5858부대  ,서울기상관측소(108)
400,414,성북,서울특별시 성북구정릉로 77국민대학교 과학관 ,
401,414,성북,서울특별시 성북구정릉로 77국민대학교 과학관 ,서울기상관측소(108)
402,415,용산,서울특별시 용산구이촌로 255신용산초등학교  ,
404,415,용산,서울특별시 용산구이촌로 255신용산초등학교  ,서울기상관측소(108)
405,416,은평,서울특별시 은평구진관동 산26방패교육대  ,
409,416,은평,서울특별시 은평구진관동 산26방패교육대  ,인천기상대(112)
410,416,은평,서울특별시 은평구진관동 산26방패교육대  ,서울기상관측소(108)
411,417,금천,서울특별시 금천구시흥대로104길 31독산초등학교  ,
413,417,금천,서울특별시 금천구시흥대로104길 31독산초등학교  ,서울기상관측소(108)
414,417,구로,서울특별시 금천구시흥대로104길 31독산초등학교  ,서울기상관측소(108)
415,418,한강,서울특별시 영등포구여의동로 280여의도 세모유람선 ,
416,418,한강,서울특별시 영등포구여의동로 280여의도 세모유람선 ,서울기상관측소(108)
417,419,중구,서울특별시 중구소파로 83남산케이블카  ,
419,419,중구,서울특별시 중구소파로 83남산케이블카  ,서울기상관측소(108)
420,420,북한산,,인천기상대(112)
421,420,북한산,,서울기상관측소(108)
422,421,성동,서울특별시 성동구서울숲길 18성수중학교  ,
423,421,성동,서울특별시 성동구서울숲길 18성수중학교  ,서울기상관측소(108)
424,422,북악산,서울특별시 종로구 북악산로267,
425,423,구로,서울특별시 구로구부일로 893온수초등학교  ,
426,423,구로,서울특별시 구로구부일로 893온수초등학교  ,서울기상관측소(108)
427,424,강북,서울특별시 강북구도봉로89길 13강북구청  ,
428,424,강북,서울특별시 강북구도봉로89길 13강북구청  ,서울기상관측소(108)
429,425,남현,서울특별시 관악구남현동 산100-1420003호  ,
431,426,백령(레),인천광역시 옹진군백령면 두무진로362-91  ,백령도기상대(102)
433,427,김포장기,경기도 김포시장기동 1539(한강중앙공원)  ,수도권기상청(119)
435,428,하남덕풍,경기도 하남시덕풍동 726-11(풍산근린3호공원)  ,수도권기상청(119)
437,430,경기,,
439,431,신곡,,파주기상대(99)
441,432,향남,,
442,432,인계,,
443,433,부천,,인천기상대(112)
445,434,안양,,
446,436,처인역삼,,
447,436,역삼,,
448,437,광명,,인천기상대(112)
450,437,광명,,서울기상관측소(108)
451,438,군포,,
453,439,진안,,
454,440,설봉,,이천지역기상서비스센터(203)
455,441,김포,,인천기상대(112)
457,443,보개,,
459,444,하남,,이천지역기상서비스센터(203)
461,445,의왕,,
463,446,남촌,,
465,447,북내,,이천지역기상서비스센터(203)
466,448,산북,,이천지역기상서비스센터(203)
467,449,옥천,,이천지역기상서비스센터(203)
469,450,주교,,파주기상대(99)
471,451,오남,,동두천지역기상서비스센터(98)
473,451,오남,,서울기상관측소(108)
474,451,도농,,서울기상관측소(108)
475,453,소하,,인천기상대(112)
476,454,하봉암,,동두천지역기상서비스센터(98)
478,456,연천,,동두천지역기상서비스센터(98)
480,457,춘궁,,이천지역기상서비스센터(203)
481,458,퇴촌,,이천지역기상서비스센터(203)
483,459,오포,,이천지역기상서비스센터(203)
484,460,실촌,,이천지역기상서비스센터(203)
485,461,마장,,이천지역기상서비스센터(203)
487,462,모가,,이천지역기상서비스센터(203)
489,463,흥천,,이천지역기상서비스센터(203)
490,464,점동,,이천지역기상서비스센터(203)
491,465,가남,,이천지역기상서비스센터(203)
493,466,금사,,이천지역기상서비스센터(203)
494,467,양성,,
495,468,서운,,
496,469,일죽,,
497,470,고삼,,
498,471,송탄,,
499,472,포승,,
500,473,가산,,동두천지역기상서비스센터(98)
502,474,영북,,동두천지역기상서비스센터(98)
503,475,관인,,동두천지역기상서비스센터(98)
504,476,화현,,동두천지역기상서비스센터(98)
506,477,상패,,동두천지역기상서비스센터(98)
508,478,왕징,,동두천지역기상서비스센터(98)
509,479,장남,,동두천지역기상서비스센터(98)
510,480,미산,,동두천지역기상서비스센터(98)
512,481,탄현,,파주기상대(99)
513,482,광탄,,파주기상대(99)
515,483,진동,,파주기상대(99)
517,484,창현,,동두천지역기상서비스센터(98)
518,485,신천,,동두천지역기상서비스센터(98)
519,486,외서,,동두천지역기상서비스센터(98)
520,487,대곶,,인천기상대(112)
521,488,송산,,
522,489,서신,,
524,492,학온동,,인천기상대(112)
525,493,송악,충청남도 아산시송악면 역촌리 506-1,대전지방기상청(133)
529,494,세종고운,세종특별자치시 고운동산 25번지  ,대전지방기상청(133)
531,495,공도,경기도 안성시공도읍 불당길40-68(불당 하수종말처리장) ,
532,495,하개정,경기도 안성시공도읍 불당길40-68(불당 하수종말처리장) ,
533,495,하개정,경기도 안성시공도읍 불당길40-68(불당 하수종말처리장) ,수도권기상청(119)
534,496,세종금남,세종특별자치시 세종특별자치시금남면 성덕리 77-3  ,대전지방기상청(133)
535,496,금남,세종특별자치시 세종특별자치시금남면 성덕리 77-3  ,대전지방기상청(133)
538,497,삽당령,강원도 강릉시왕산면송현리 219-1  ,강릉(구 105)
542,498,구룡령,강원도 홍천군내면 명개리산 1-35 ,강릉(구 105)
544,499,중면,경기도 연천군중면 삼곶리 260 육군 제28사단 81연대 ,
546,499,중면,경기도 연천군중면 삼곶리 260 육군 제28사단 81연대 ,동두천지역기상서비스센터(98)
547,499,중면,경기도 연천군중면 삼곶리 260 육군 제28사단 81연대 ,파주기상대(99)
548,500,양도,인천광역시 강화군양도면 길정리296-2 강화 예비군훈련장,인천기상대(112)
551,500,화도,인천광역시 강화군양도면 길정리296-2 강화 예비군훈련장,인천기상대(112)
552,501,연평도,인천광역시 옹진군연평면 연평리493-12  ,인천기상대(112)
553,501,대연평,인천광역시 옹진군연평면 연평리493-12  ,인천기상대(112)
556,502,교동,인천광역시 강화군교동면 고구리480-1  ,인천기상대(112)
560,503,도라산,경기도 파주시장단면 도라산리18도라대대  ,
561,503,도라산,경기도 파주시장단면 도라산리18도라대대  ,파주기상대(99)
563,503,도라산,경기도 파주시장단면 도라산리18도라대대  ,동두천지역기상서비스센터(98)
564,503,임진각,경기도 파주시장단면 도라산리18도라대대  ,동두천지역기상서비스센터(98)
565,503,임진각,경기도 파주시장단면 도라산리18도라대대  ,서울기상관측소(108)
566,504,포천,경기도 포천시자작동 264-1육군15항공단  ,
568,504,포천,경기도 포천시자작동 264-1육군15항공단  ,동두천지역기상서비스센터(98)
571,504,포천,경기도 포천시자작동 264-1육군15항공단  ,철원기상대(95)
572,505,가평조종,경기도 가평군하면 현리209 가평 하면정수장,
575,505,하면,경기도 가평군하면 현리209 가평 하면정수장,
576,505,현리,경기도 가평군하면 현리209 가평 하면정수장,춘천기상대(101)
577,506,파주금촌,경기도 파주시금촌2동 1017(파주시 주말농장) ,
579,506,금촌,경기도 파주시금촌2동 1017(파주시 주말농장) ,
581,506,금촌,경기도 파주시금촌2동 1017(파주시 주말농장) ,파주기상대(99)
584,506,금촌,경기도 파주시금촌2동 1017(파주시 주말농장) ,동두천지역기상서비스센터(98)
585,506,금촌,경기도 파주시금촌2동 1017(파주시 주말농장) ,서울기상관측소(108)
586,507,창수,경기도 포천시창수면 고소성리123 육군 제3985부대,
588,507,창수,경기도 포천시창수면 고소성리123 육군 제3985부대,동두천지역기상서비스센터(98)
590,507,창수,경기도 포천시창수면 고소성리123 육군 제3985부대,철원기상대(95)
591,508,왕산,인천광역시 중구을왕동 산104-1육군 제1312부대 ,인천기상대(112)
593,508,종로,인천광역시 중구을왕동 산104-1육군 제1312부대 ,서울기상관측소(108)
594,509,관악,서울특별시 관악구관악로 1서울대학교 대기환경관측소 ,
595,509,관악,서울특별시 관악구관악로 1서울대학교 대기환경관측소 ,서울기상관측소(108)
597,510,영등포,서울특별시 영등포구국회대로53길 20서울영동초등학교  ,
599,510,영등포,서울특별시 영등포구국회대로53길 20서울영동초등학교  ,서울기상관측소(108)
600,511,경서동,인천광역시 서구 환경로 42국립환경과학원(경서동),인천기상대(112)
601,511,공촌동,인천광역시 서구 환경로 42국립환경과학원(경서동),인천기상대(112)
603,511,부평,인천광역시 서구 환경로 42국립환경과학원(경서동),인천기상대(112)
605,512,인천연수,인천광역시 연수구동춘동 산62-35 6617부대 2대대,인천기상대(112)
607,512,남동공단,인천광역시 연수구동춘동 산62-35 6617부대 2대대,인천기상대(112)
609,513,덕적도,인천광역시 옹진군덕적면 진리164 덕적면사무소 ,인천기상대(112)
614,514,대부도,경기도 안산시단원구 대부남동299-3  ,인천기상대(112)
617,515,운평,경기도 화성시우정읍 평밭길(운평리601-6번지)  ,
618,515,우정,경기도 화성시우정읍 평밭길(운평리601-6번지)  ,수도권기상청(119)
621,516,안성,경기도 안성시옥산동 365번지알미산공원내  ,
623,516,안성,경기도 안성시옥산동 365번지알미산공원내  ,수도권기상청(119)
624,517,간성,강원도 고성군간성읍 간성북로87 고성군 농업기술센터,강릉(구 105)
625,517,간성,강원도 고성군간성읍 간성북로87 고성군 농업기술센터,속초기상대(90)
627,518,해안,강원도 양구군 해안면 펀치볼로 1085양구야생화공원,춘천기상대(101)
630,519,사내,강원도 화천군사내면 사창리 471-2 1288-701 정보통신부대,춘천기상대(101)
632,519,사내,강원도 화천군사내면 사창리 471-2 1288-701 정보통신부대,철원기상대(95)
634,519,사창,강원도 화천군사내면 사창리 471-2 1288-701 정보통신부대,철원기상대(95)
636,519,사창,강원도 화천군사내면 사창리 471-2 1288-701 정보통신부대,춘천기상대(101)
637,520,설악동,강원도 속초시설악산로 833설악산관리사무소  ,강릉(구 105)
638,520,설악동,강원도 속초시설악산로 833설악산관리사무소  ,속초기상대(90)
640,521,강현,강원도 양양군강현면 장산리 육군 제1799부대 102여단 항공대,강릉(구 105)
642,521,강현,강원도 양양군강현면 장산리 육군 제1799부대 102여단 항공대,속초기상대(90)
643,521,현북,강원도 양양군강현면 장산리 육군 제1799부대 102여단 항공대,속초기상대(90)
644,522,화촌,강원도 홍천군화촌면 주음치리 521 2군단 민방위훈련장,춘천기상대(101)
647,522,두촌,강원도 홍천군화촌면 주음치리 521 2군단 민방위훈련장,춘천기상대(101)
649,523,주문진,강원도 강릉시주문진읍 주문리961번지  ,강릉(구 105)
651,524,강문,강원도 강릉시강문동 44-27  ,강릉(구 105)
652,524,경포대,강원도 강릉시강문동 44-27  ,강릉(구 105)
653,525,봉평,강원도 평창군봉평면 창동리421-1  ,강릉(구 105)
654,525,봉평,강원도 평창군봉평면 창동리421-1  ,대관령기상대(100)
656,526,평창,강원도 평창군평창읍 여만리261-14  ,강릉(구 105)
658,526,평창,강원도 평창군평창읍 여만리261-14  ,영월기상대(121)
659,526,평창,강원도 평창군평창읍 여만리261-14  ,대관령기상대(100)
662,527,신동,강원도 정선군신동읍 예미리774-1번지  ,강릉(구 105)
663,527,신동,강원도 정선군신동읍 예미리774-1번지  ,영월기상대(121)
664,527,정선,강원도 정선군신동읍 예미리774-1번지  ,영월기상대(121)
666,528,백령면,인천광역시 옹진군 백령면진촌리 1031,백령도기상대(102)
670,528,백령도,인천광역시 옹진군 백령면진촌리 1031,인천기상대(112)
672,529,원덕,강원도 삼척시원덕읍 산양리 981-4,강릉(구 105)
673,529,원덕,강원도 삼척시원덕읍 산양리 981-4,동해기상대(106)
675,530,태하,경상북도 울릉군서면 태하리212번지  ,울릉도기상대(115)
679,531,가평북면,경기도 가평군북면 소법리627-39  ,
681,531,가평,경기도 가평군북면 소법리627-39  ,
682,532,의정부,경기도 의정부시 시민로 368-10용현배수지 궁도장 (용현동),
683,532,의정부,경기도 의정부시 시민로 368-10용현배수지 궁도장 (용현동),파주기상대(99)
686,533,백사,경기도 이천시백사면 조읍리 251-10,
687,533,신둔,경기도 이천시백사면 조읍리 251-10,
689,533,신둔,경기도 이천시백사면 조읍리 251-10,이천지역기상서비스센터(203)
690,533,하남창우,경기도 이천시백사면 조읍리 251-10,이천지역기상서비스센터(203)
691,533,양수리,경기도 이천시백사면 조읍리 251-10,이천지역기상서비스센터(203)
692,533,양수리,경기도 이천시백사면 조읍리 251-10,수도권기상청(119)
693,534,장호원,경기도 이천시장호원읍 서동대로8759번길 97-103 이천시복숭아연구소시험포장,
695,534,장호원,경기도 이천시장호원읍 서동대로8759번길 97-103 이천시복숭아연구소시험포장,이천지역기상서비스센터(203)
697,535,서석,강원도 홍천군서석면 풍암리 526-2,춘천기상대(101)
698,535,서석,강원도 홍천군서석면 풍암리 526-2,원주기상대(114)
700,536,횡성,강원도 횡성군횡성읍 문예로133  ,강릉(구 105)
701,536,횡성,강원도 횡성군횡성읍 문예로133  ,원주기상대(114)
703,537,임계,강원도 정선군임계면 봉산리 244-36,강릉(구 105)
705,537,임계,강원도 정선군임계면 봉산리 244-36,동해기상대(106)
708,538,신서,경기도 연천군신서면 도신4리164-1 소득자원연구소 ,
709,538,신서,경기도 연천군신서면 도신4리164-1 소득자원연구소 ,동두천지역기상서비스센터(98)
710,538,대광리,경기도 연천군신서면 도신4리164-1 소득자원연구소 ,동두천지역기상서비스센터(98)
711,538,대광리,경기도 연천군신서면 도신4리164-1 소득자원연구소 ,철원기상대(95)
712,539,포천이동,경기도 포천시이동면 장암리264-1 이동비행장 ,
714,539,이동,경기도 포천시이동면 장암리264-1 이동비행장 ,
715,539,이동,경기도 포천시이동면 장암리264-1 이동비행장 ,동두천지역기상서비스센터(98)
718,539,동두천,경기도 포천시이동면 장암리264-1 이동비행장 ,서울기상관측소(108)
719,540,고양,경기도 고양시덕양구 동산동300-1 60사단 ,
720,540,고양,경기도 고양시덕양구 동산동300-1 60사단 ,파주기상대(99)
723,540,고양,경기도 고양시덕양구 동산동300-1 60사단 ,인천기상대(112)
724,540,고양,경기도 고양시덕양구 동산동300-1 60사단 ,서울기상관측소(108)
725,541,남양주,경기도 남양주시진건읍 배양리 922-3(진건 푸른물센터),
728,541,남양주,경기도 남양주시진건읍 배양리 922-3(진건 푸른물센터),동두천지역기상서비스센터(98)
731,541,남양주,경기도 남양주시진건읍 배양리 922-3(진건 푸른물센터),인천기상대(112)
732,541,남양주,경기도 남양주시진건읍 배양리 922-3(진건 푸른물센터),서울기상관측소(108)
733,542,청평,경기도 가평군청평면 대성리393-12  ,
734,543,영종도,인천광역시 중구중산동 1347-1영종초등학교  ,인천기상대(112)
736,544,전곡항,경기도 화성시서신면 전곡항로14번길(제2819부대 2대대 전곡중대),
737,544,대야,경기도 화성시서신면 전곡항로14번길(제2819부대 2대대 전곡중대),수도권기상청(119)
738,545,안산,경기도 안산시상록구 해안로870(농어촌연구원)  ,
740,546,경기광주,경기도 광주시회안대로 1061-59한국수자원공사 광주수도관리단 ,
741,546,광주,경기도 광주시회안대로 1061-59한국수자원공사 광주수도관리단 ,
742,546,광주,경기도 광주시회안대로 1061-59한국수자원공사 광주수도관리단 ,이천지역기상서비스센터(203)
744,546,광주읍,경기도 광주시회안대로 1061-59한국수자원공사 광주수도관리단 ,이천지역기상서비스센터(203)
745,546,광주읍,경기도 광주시회안대로 1061-59한국수자원공사 광주수도관리단 ,수도권기상청(119)
746,547,양동,경기도 양평군양동면 쌍학리865-4 양수장 내,
747,547,양동,경기도 양평군양동면 쌍학리865-4 양수장 내,원주기상대(114)
749,547,양동,경기도 양평군양동면 쌍학리865-4 양수장 내,수도권기상청(119)
750,548,여주,경기도 여주시점봉동 429-29여주시 상수도사업소 점봉배수지,
752,548,여주,경기도 여주시점봉동 429-29여주시 상수도사업소 점봉배수지,이천지역기상서비스센터(203)
754,548,여주,경기도 여주시점봉동 429-29여주시 상수도사업소 점봉배수지,수도권기상청(119)
755,549,용인,경기도 용인시처인구 포곡읍둔전리 사서함 1호(육군55사단),
758,549,용인,경기도 용인시처인구 포곡읍둔전리 사서함 1호(육군55사단),수도권기상청(119)
760,550,오산,경기도 오산시큰말25번길 21-10(2819부대3대대예비군중대)  ,
761,550,오산,경기도 오산시큰말25번길 21-10(2819부대3대대예비군중대)  ,수도권기상청(119)
764,551,평택,경기도 평택시합정동 배미2길(평택시공설운동장 부지 야산),
765,551,평택,경기도 평택시합정동 배미2길(평택시공설운동장 부지 야산),수도권기상청(119)
766,551,평택,경기도 평택시합정동 배미2길(평택시공설운동장 부지 야산),대전지방기상청(133)
767,552,김화,강원도 철원군김화읍 읍내리 1009 3사단 수색대대,춘천기상대(101)
769,552,김화,강원도 철원군김화읍 읍내리 1009 3사단 수색대대,철원기상대(95)
772,553,대진,강원도 고성군현내면 초도리산2-2 대진시외버스터미널 ,강릉(구 105)
773,553,대진,강원도 고성군현내면 초도리산2-2 대진시외버스터미널 ,속초기상대(90)
774,553,현내,강원도 고성군현내면 초도리산2-2 대진시외버스터미널 ,속초기상대(90)
775,554,미시령,강원도 인제군북면 용대리 산 12-11,강릉(구 105)
778,554,미시령,강원도 인제군북면 용대리 산 12-11,속초기상대(90)
779,555,화천,강원도 화천군하남면 춘화로3331번길 45 화천생활체육공원,춘천기상대(101)
781,555,화천,강원도 화천군하남면 춘화로3331번길 45 화천생활체육공원,철원기상대(95)
786,556,양구,강원도 양구군양구읍 정림리160-10  ,춘천기상대(101)
788,557,기린,강원도 인제군기린면 현리 제2307부대 3군단 사령부,강릉(구 105)
792,558,팔봉,강원도 홍천군서면 팔봉리천 1302-63 ,춘천기상대(101)
793,559,내면,강원도 홍천군내면 창촌리1513-2  ,강릉(구 105)
795,559,내면,강원도 홍천군내면 창촌리1513-2  ,대관령기상대(100)
797,560,진부,강원도 평창군진부면 진부중앙로203-5 한국도로공사 대관령지사,강릉(구 105)
798,560,진부,강원도 평창군진부면 진부중앙로203-5 한국도로공사 대관령지사,대관령기상대(100)
800,561,청일,강원도 횡성군청일면 유동리881-24 청일공공하수처리장 ,강릉(구 105)
801,561,청일,강원도 횡성군청일면 유동리881-24 청일공공하수처리장 ,원주기상대(114)
803,562,영월주천,강원도 영월군주천면 주천리1376-19번지  ,강릉(구 105)
804,562,주천,강원도 영월군주천면 주천리1376-19번지  ,강릉(구 105)
805,562,주천,강원도 영월군주천면 주천리1376-19번지  ,영월기상대(121)
807,563,북평,강원도 정선군북평면 장열리194-58번지  ,강릉(구 105)
809,563,북평,강원도 정선군북평면 장열리194-58번지  ,영월기상대(121)
810,563,남면,강원도 정선군북평면 장열리194-58번지  ,영월기상대(121)
811,563,문곡,강원도 정선군북평면 장열리194-58번지  ,영월기상대(121)
812,565,시흥,경기도 시흥시장곡동 724-32,시흥시갯골생태공원내  
815,566,연곡,강원도 강릉시연곡면 송림리 21-3 동부지방산림청 연곡양묘장 내,강릉(구 105)
818,567,적성,경기도 파주시적성면 구읍리 사서함 95-16, 제8567부대
824,568,일동,경기도 포천시일동면 기산리106-1  ,
828,568,일동,경기도 포천시일동면 기산리106-1  ,철원기상대(95)
831,569,구리,경기도 구리시토평동 48-99토평IC  ,
832,569,구리,경기도 구리시토평동 48-99토평IC  ,동두천지역기상서비스센터(98)
834,569,구리,경기도 구리시토평동 48-99토평IC  ,인천기상대(112)
835,569,구리,경기도 구리시토평동 48-99토평IC  ,서울기상관측소(108)
836,570,금곡,인천광역시 서구금곡동 산14-1해병대 제2사단 ,인천기상대(112)
837,570,양곡,인천광역시 서구금곡동 산14-1해병대 제2사단 ,인천기상대(112)
839,571,화성,경기도 화성시남양로 621(2819부대2대대)  ,
840,571,서신,경기도 화성시남양로 621(2819부대2대대)  ,수도권기상청(119)
841,572,성남,경기도 성남시중원구 성남대로997(성남시청 신청사) ,
842,572,성남,경기도 성남시중원구 성남대로997(성남시청 신청사) ,수도권기상청(119)
843,572,성남,경기도 성남시중원구 성남대로997(성남시청 신청사) ,인천기상대(112)
844,572,성남,경기도 성남시중원구 성남대로997(성남시청 신청사) ,서울기상관측소(108)
846,573,청운,경기도 양평군청운면 용두리595  ,
848,573,청운,경기도 양평군청운면 용두리595  ,이천지역기상서비스센터(203)
850,574,대신,경기도 여주시대신면 초현리520-3  ,
852,574,대신,경기도 여주시대신면 초현리520-3  ,이천지역기상서비스센터(203)
854,575,용인이동,경기도 용인시처인구 이동면어비리 1093-1(이동저수지관리소) ,
858,575,이동,경기도 용인시처인구 이동면어비리 1093-1(이동저수지관리소) ,
859,575,이동,경기도 용인시처인구 이동면어비리 1093-1(이동저수지관리소) ,수도권기상청(119)
860,576,백암,경기도 용인시처인구 백암면용천리 산27 ,
863,576,백암,경기도 용인시처인구 백암면용천리 산27 ,이천지역기상서비스센터(203)
865,577,장봉도,인천광역시 옹진군북도면 장봉리1052번지 장동분교 ,인천기상대(112)
866,578,호도,충청남도 보령시오천면 녹도리 388-5,대전지방기상청(133)
867,578,호도,충청남도 보령시오천면 녹도리 388-5,보령지역기상서비스센터(235)
868,578,용유도,충청남도 보령시오천면 녹도리 388-5,인천기상대(112)
869,579,하장,강원도 삼척시하장면 장전리266-9  ,강릉(구 105)
872,579,하장,강원도 삼척시하장면 장전리266-9  ,동해기상대(106)
874,580,옥계,강원도 강릉시옥계면 현내교동길99-37 옥계정수장 ,강릉(구 105)
875,580,옥계,강원도 강릉시옥계면 현내교동길99-37 옥계정수장 ,동해기상대(106)
877,581,상동,강원도 영월군상동읍 내덕2리248-4  ,강릉(구 105)
879,581,상동,강원도 영월군상동읍 내덕2리248-4  ,영월기상대(121)
883,582,신림,강원도 원주시신림면 신림리526  ,강릉(구 105)
885,582,신림,강원도 원주시신림면 신림리526  ,원주기상대(114)
889,583,안흥,강원도 횡성군안흥면 소사리589-1 안흥초등학교 덕천분교,강릉(구 105)
890,583,안흥,강원도 횡성군안흥면 소사리589-1 안흥초등학교 덕천분교,원주기상대(114)
893,584,정선북,,영월기상대(121)
894,585,신남,강원도 인제군남면 신풍리 제3군수지원여단,강릉(구 105)
896,586,북산,강원도 춘천시북산면 중추곡길51  ,춘천기상대(101)
899,587,방산,강원도 양구군방산면 송현리 689 5993부대 65연대,춘천기상대(101)
901,588,남산,강원도 춘천시남산면 방곡리 629-41,춘천기상대(101)
903,589,고양고봉,경기도 고양시일산동구 성석동산69-2 5895부대 ,
904,589,능곡,경기도 고양시일산동구 성석동산69-2 5895부대 ,
905,589,능곡,경기도 고양시일산동구 성석동산69-2 5895부대 ,파주기상대(99)
907,589,능곡,경기도 고양시일산동구 성석동산69-2 5895부대 ,서울기상관측소(108)
908,590,과천,경기도 과천시과천시 상하벌로110(국립과천과학관)  ,
909,590,과천,경기도 과천시과천시 상하벌로110(국립과천과학관)  ,수도권기상청(119)
911,590,과천,경기도 과천시과천시 상하벌로110(국립과천과학관)  ,인천기상대(112)
912,590,과천,경기도 과천시과천시 상하벌로110(국립과천과학관)  ,서울기상관측소(108)
914,591,치악산,강원도 원주시소초면 학곡리900 치악산국립공원사무소 ,강릉(구 105)
916,591,치악산,강원도 원주시소초면 학곡리900 치악산국립공원사무소 ,원주기상대(114)
919,592,부론,강원도 원주시부론면 흥호리936  ,강릉(구 105)
921,592,부론,강원도 원주시부론면 흥호리936  ,원주기상대(114)
924,593,양양영덕,강원도 양양군서면 영덕리350  ,강릉(구 105)
928,593,서림,강원도 양양군서면 영덕리350  ,강릉(구 105)
929,594,서화,강원도 인제군서화면 서화리 육군 제8227부대 63포병대,강릉(구 105)
931,594,서화,강원도 인제군서화면 서화리 육군 제8227부대 63포병대,춘천기상대(101)
932,594,서화,강원도 인제군서화면 서화리 육군 제8227부대 63포병대,속초기상대(90)
933,595,진부령,강원도 고성군간성읍 흘리길190(흘리보건소 옆) ,강릉(구 105)
935,595,진부령,강원도 고성군간성읍 흘리길190(흘리보건소 옆) ,속초기상대(90)
940,596,오색,강원도 양양군서면 오색리199-1  ,강릉(구 105)
945,597,대화,강원도 평창군대화면 신리1106-21 서울대학교 그린바이오연구원,강릉(구 105)
946,597,대화,강원도 평창군대화면 신리1106-21 서울대학교 그린바이오연구원,대관령기상대(100)
949,598,양주,경기도 양주시광적면 석우리 산 6번지 제 8030부대 ,
950,598,양주,경기도 양주시광적면 석우리 산 6번지 제 8030부대 ,파주기상대(99)
952,598,광적,경기도 양주시광적면 석우리 산 6번지 제 8030부대 ,서울기상관측소(108)
953,599,광릉,경기도 포천시소흘읍 직동리 642-4, 산림기술경영연구소 
957,600,금왕,충청북도 음성군금왕읍 용계리 245-4285번길 6 (용계리,청주기상대(131)
959,600,금왕,충청북도 음성군금왕읍 용계리 245-4285번길 6 (용계리,충주지역기상서비스센터(127)
962,601,단양,충청북도 단양군단양읍 중앙1로20 (별곡리 310),청주기상대(131)
964,601,단양,충청북도 단양군단양읍 중앙1로20 (별곡리 310),충주지역기상서비스센터(127)
965,602,진천,충청북도 진천군진천읍 성석리 903,청주기상대(131)
968,603,괴산,충청북도 괴산군괴산읍 임꺽정로169 괴산군농업기술센터 ,청주기상대(131)
972,604,옥천,충청북도 옥천군옥천읍 옥천동이로234 옥천농업기술센터 ,청주기상대(131)
973,604,옥천,충청북도 옥천군옥천읍 옥천동이로234 옥천농업기술센터 ,추풍령지역기상서비스센터(135)
974,604,옥천,충청북도 옥천군옥천읍 옥천동이로234 옥천농업기술센터 ,대전지방기상청(133)
975,605,영동,충청북도 영동군영동읍 학산영동로1065 영동농업기술센터 ,청주기상대(131)
976,605,영동,충청북도 영동군영동읍 학산영동로1065 영동농업기술센터 ,추풍령지역기상서비스센터(135)
977,606,대산,충청남도 서산시대산읍 대죽리산95-1 (5304부대 대산방공진지),
979,606,대산,충청남도 서산시대산읍 대죽리산95-1 (5304부대 대산방공진지),홍성기상대(서산 129)
982,607,근흥,충청남도 태안군근흥면 마도길 7,
984,607,근흥,충청남도 태안군근흥면 마도길 7,홍성기상대(서산 129)
985,608,홍북,충청남도 홍성군홍북면 상하리산91(1789부대 4대대) ,
986,608,봉산,충청남도 홍성군홍북면 상하리산91(1789부대 4대대) ,홍성기상대(서산 129)
987,609,삽시도,충청남도 보령시오천면 삽시도리138-10  ,대전지방기상청(133)
989,609,삽시도,충청남도 보령시오천면 삽시도리138-10  ,보령지역기상서비스센터(235)
991,609,안면,충청남도 보령시오천면 삽시도리138-10  ,홍성기상대(서산 129)
994,610,홍성죽도,충청남도 홍성군서부면 죽도리 33-1,
995,610,홍성,충청남도 홍성군서부면 죽도리 33-1,
996,610,홍성,충청남도 홍성군서부면 죽도리 33-1,홍성기상대(서산 129)
997,611,세종연서,세종특별자치시 연서면봉암리 196-1  ,대전지방기상청(133)
999,611,연기,세종특별자치시 연서면봉암리 196-1  ,대전지방기상청(133)
1000,611,연기,세종특별자치시 연서면봉암리 196-1  ,천안지역기상서비스센터(232)
1002,612,공주,충청남도 공주시금흥동 산 21번지(공주예비군 훈련장),대전지방기상청(133)
1005,614,서천,충청남도 서천군마서면 계동리 76-1서천군농업기술센터,대전지방기상청(133)
1006,614,서천,충청남도 서천군마서면 계동리 76-1서천군농업기술센터,군산기상대(140)
1009,615,논산,충청남도 논산시덕지동 43-29  ,대전지방기상청(133)
1013,616,당진,충청남도 당진시채운동 363-23(당진예비군훈련장),
1014,616,당진,충청남도 당진시채운동 363-23(당진예비군훈련장),홍성기상대(서산 129)
1016,617,성거,충청남도 천안시서북구 성거읍봉주로 75(서북구청) ,대전지방기상청(133)
1018,617,성거,충청남도 천안시서북구 성거읍봉주로 75(서북구청) ,천안지역기상서비스센터(232)
1019,618,청양,충청남도 청양군청양읍 구봉로1026-84 청양농업기술센터 ,대전지방기상청(133)
1020,618,청양,충청남도 청양군청양읍 구봉로1026-84 청양농업기술센터 ,보령지역기상서비스센터(235)
1021,618,청양,충청남도 청양군청양읍 구봉로1026-84 청양농업기술센터 ,홍성기상대(서산 129)
1022,619,음성,충청북도 음성군음성읍 평곡리520-1번지  ,청주기상대(131)
1023,619,음성,충청북도 음성군음성읍 평곡리520-1번지  ,충주지역기상서비스센터(127)
1026,620,엄정,충청북도 충주시엄정면 율능리1334  ,청주기상대(131)
1028,620,엄정,충청북도 충주시엄정면 율능리1334  ,충주지역기상서비스센터(127)
1031,621,수산,충청북도 제천시수산면 옥순봉로933 (하천리 497-2),청주기상대(131)
1033,621,수산,충청북도 제천시수산면 옥순봉로933 (하천리 497-2),충주지역기상서비스센터(127)
1034,621,청풍,충청북도 제천시수산면 옥순봉로933 (하천리 497-2),충주지역기상서비스센터(127)
1035,622,수안보,충청북도 충주시수안보면 안보리419-1 수안보생활체육공원 ,청주기상대(131)
1037,622,수안보,충청북도 충주시수안보면 안보리419-1 수안보생활체육공원 ,충주지역기상서비스센터(127)
1040,623,증평,충청북도 증평군증평읍 연탄리602-1번지 제37보병사단 ,청주기상대(131)
1041,623,증평,충청북도 증평군증평읍 연탄리602-1번지 제37보병사단 ,충주지역기상서비스센터(127)
1044,624,상당,충청북도 청주시상당구 미원면미원리 463-4 미원하수종말처리장,청주기상대(131)
1047,624,청원,충청북도 청주시상당구 미원면미원리 463-4 미원하수종말처리장,청주기상대(131)
1048,625,속리산,충청북도 보은군속리산면 법주사로84 속리산국립공원 ,청주기상대(131)
1049,626,옥천청산,충청북도 옥천군청산면 청산관기로507 청산초등학교 대월분교(폐교),청주기상대(131)
1051,626,청산,충청북도 옥천군청산면 청산관기로507 청산초등학교 대월분교(폐교),청주기상대(131)
1052,626,청산,충청북도 옥천군청산면 청산관기로507 청산초등학교 대월분교(폐교),
1053,626,청산,충청북도 옥천군청산면 청산관기로507 청산초등학교 대월분교(폐교),추풍령지역기상서비스센터(135)
1054,627,태안,충청남도 태안군태안읍 백화로49(태안초등학교)  ,
1055,627,태안,충청남도 태안군태안읍 백화로49(태안초등학교)  ,홍성기상대(서산 129)
1056,628,예산,충청남도 예산군신암면 오신로852(예산군농업기술센터)  ,대전지방기상청(133)
1057,628,예산,충청남도 예산군신암면 오신로852(예산군농업기술센터)  ,천안지역기상서비스센터(232)
1060,629,세종전의,세종특별자치시 전의면읍내리 5-1번지(전의생활체육공원)  ,대전지방기상청(133)
1063,629,전의,세종특별자치시 전의면읍내리 5-1번지(전의생활체육공원)  ,천안지역기상서비스센터(232)
1065,629,전의,세종특별자치시 전의면읍내리 5-1번지(전의생활체육공원)  ,청주기상대(131)
1066,630,노은,충청북도 충주시노은면 수룡리501  ,청주기상대(131)
1069,630,노은,충청북도 충주시노은면 수룡리501  ,충주지역기상서비스센터(127)
1072,631,송도,인천광역시 연수구동춘동 1129-2송도종합스포츠센터  ,인천기상대(112)
1074,631,팔미도,인천광역시 연수구동춘동 1129-2송도종합스포츠센터  ,인천기상대(112)
1075,632,유구,충청남도 공주시유구읍 만천리500번지  ,대전지방기상청(133)
1077,632,유구,충청남도 공주시유구읍 만천리500번지  ,천안지역기상서비스센터(232)
1080,633,정안,충청남도 공주시정안면 평정리284-5  ,대전지방기상청(133)
1082,633,정안,충청남도 공주시정안면 평정리284-5  ,천안지역기상서비스센터(232)
1085,634,아산,충청남도 아산시인주면 현대로1077(현대자동차㈜ 아산공장) ,대전지방기상청(133)
1086,634,아산,충청남도 아산시인주면 현대로1077(현대자동차㈜ 아산공장) ,천안지역기상서비스센터(232)
1088,635,양화,충청남도 부여군양화면 충절로267-6 양화중학교 ,대전지방기상청(133)
1092,635,양화,충청남도 부여군양화면 충절로267-6 양화중학교 ,보령지역기상서비스센터(235)
1093,635,홍산,충청남도 부여군양화면 충절로267-6 양화중학교 ,보령지역기상서비스센터(235)
1094,635,홍산,충청남도 부여군양화면 충절로267-6 양화중학교 ,대전지방기상청(133)
1095,636,계룡,충청남도 계룡시신도안면 사서함 501-328호 공군기상단 제73기상전대사서함 501-328호 제73기상전대,대전지방기상청(133)
1098,637,신평,충청남도 당진시신평면 샛터로172(한정초등학교)  ,
1100,637,이원,충청남도 당진시신평면 샛터로172(한정초등학교)  ,홍성기상대(서산 129)
1102,638,영춘,충청북도 단양군영춘면 상리500-3  ,청주기상대(131)
1103,638,영춘,충청북도 단양군영춘면 상리500-3  ,영월기상대(121)
1106,638,영춘,충청북도 단양군영춘면 상리500-3  ,충주지역기상서비스센터(127)
1107,639,덕산,충청북도 제천시덕산면 도전리1350-2  ,청주기상대(131)
1109,639,덕산,충청북도 제천시덕산면 도전리1350-2  ,충주지역기상서비스센터(127)
1111,640,청천,충청북도 괴산군청천면 송면리331-12  ,청주기상대(131)
1114,640,청천,충청북도 괴산군청천면 송면리331-12  ,충주지역기상서비스센터(127)
1115,641,가덕,충청북도 청주시 상당구가덕면 상대리 456-1,청주기상대(131)
1117,641,대청,충청북도 청주시 상당구가덕면 상대리 456-1,청주기상대(131)
1119,642,오월드,대전광역시 중구사정공원로 70 오월드 내 플라워랜드,대전지방기상청(133)
1121,642,문화,대전광역시 중구사정공원로 70 오월드 내 플라워랜드,대전지방기상청(133)
1123,643,세천,대전광역시 동구세천동 63-1  ,대전지방기상청(133)
1126,644,연무,충청남도 논산시연무읍 안심리365-5  ,대전지방기상청(133)
1127,644,양촌,충청남도 논산시연무읍 안심리365-5  ,대전지방기상청(133)
1128,645,서부,충청남도 홍성군서부면 서부로505(서부초등학교)  ,
1129,645,서부,충청남도 홍성군서부면 서부로505(서부초등학교)  ,홍성기상대(서산 129)
1130,646,춘장대,충청남도 서천군서면 부사리 821오른쪽 옆, 부사교관리사 내
1134,646,신합,충청남도 서천군서면 부사리 821오른쪽 옆, 부사교관리사 내
1136,647,가곡,충청북도 영동군양산면 원당리704번지 제방 ,청주기상대(131)
1137,647,가곡,충청북도 영동군양산면 원당리704번지 제방 ,추풍령지역기상서비스센터(135)
1139,648,장동,대전광역시 대덕구장동 360-2  ,대전지방기상청(133)
1140,648,구즉,대전광역시 대덕구장동 360-2  ,대전지방기상청(133)
1141,649,부평,인천광역시 부평구구산동 사서함317-4번지  ,인천기상대(112)
1143,649,선미도,인천광역시 부평구구산동 사서함317-4번지  ,인천기상대(112)
1145,650,양지,강원도 철원군동송읍 양지리 713-1 6사단 수색대대,춘천기상대(101)
1148,650,양지,강원도 철원군동송읍 양지리 713-1 6사단 수색대대,철원기상대(95)
1149,650,정연,강원도 철원군동송읍 양지리 713-1 6사단 수색대대,철원기상대(95)
1151,651,외촌,강원도 철원군철원읍 외촌리 312-2 6사단 수색중대,춘천기상대(101)
1152,651,외촌,강원도 철원군철원읍 외촌리 312-2 6사단 수색중대,철원기상대(95)
1153,651,대마,강원도 철원군철원읍 외촌리 312-2 6사단 수색중대,철원기상대(95)
1154,652,연천청산,경기도 연천군청산면 초성리 376-1 육군 제28사단,
1156,652,청산,경기도 연천군청산면 초성리 376-1 육군 제28사단,
1157,652,청산,경기도 연천군청산면 초성리 376-1 육군 제28사단,동두천지역기상서비스센터(98)
1158,654,자월도,인천광역시 옹진군자월면 자월리1023번지  ,인천기상대(112)
1163,655,소청도,인천광역시 옹진군대청면 소청리소청서로 279 소청도항로표지소,백령도기상대(102)
1166,655,소청도,인천광역시 옹진군대청면 소청리소청서로 279 소청도항로표지소,인천기상대(112)
1167,656,볼음도,인천광역시 강화군서도면 볼음도리 421-4 (해병대 초소) ,인천기상대(112)
1171,657,대천항,충청남도 보령시신흑동 산 205155레이더기지,대전지방기상청(133)
1173,657,대천항,충청남도 보령시신흑동 산 205155레이더기지,보령지역기상서비스센터(235)
1175,657,보령항,충청남도 보령시신흑동 산 205155레이더기지,보령지역기상서비스센터(235)
1176,657,보령항,충청남도 보령시신흑동 산 205155레이더기지,홍성기상대(서산 129)
1177,658,만리포,충청남도 태안군소원면 모항리산93(국군 5188부대) ,
1180,658,만리포,충청남도 태안군소원면 모항리산93(국군 5188부대) ,홍성기상대(서산 129)
1183,659,계룡산,충청남도 계룡시남선면 부남리사서함 501-26 경비연대,대전지방기상청(133)
1186,660,면온,강원도 평창군 봉평면 면온리 65-1,강릉(구 105)
1189,660,면온,강원도 평창군 봉평면 면온리 65-1,대관령기상대(100)
1192,661,현내,강원도 고성군현내면 명파리 611-61,강릉(구 105)
1196,661,현내,강원도 고성군현내면 명파리 611-61,속초기상대(90)
1198,661,통일,강원도 고성군현내면 명파리 611-61,속초기상대(90)
1199,662,승봉도,인천광역시 옹진군자월면 승봉리승봉초등학교  ,인천기상대(112)
1201,662,부도,인천광역시 옹진군자월면 승봉리승봉초등학교  ,인천기상대(112)
1202,663,목덕도,인천광역시 옹진군덕적면 백아리산185번지  ,인천기상대(112)
1204,664,영흥도,인천광역시 옹진군영흥면 외리248-5 인천광역시수산자원연구소 ,인천기상대(112)
1207,665,무의도,인천광역시 중구무의동 161번지무의초등학교  ,인천기상대(112)
1209,666,안도,충청남도 태안군원북면 방갈리산240번지  ,
1211,666,안도,충청남도 태안군원북면 방갈리산240번지  ,홍성기상대(서산 129)
1212,667,옹도,충청남도 태안군근흥면 가의도리 산510,
1213,669,외연도,충청남도 보령시오천면 외연도리 325,대전지방기상청(133)
1215,669,외연도,충청남도 보령시오천면 외연도리 325,보령지역기상서비스센터(235)
1216,669,외연도,충청남도 보령시오천면 외연도리 325,홍성기상대(서산 129)
1217,670,양양,강원도 양양군양양읍 송암리 438-4,447
1219,671,청호,강원도 속초시청호 호반로10제1중계펌프장  ,강릉(구 105)
1220,671,청호,강원도 속초시청호 호반로10제1중계펌프장  ,속초기상대(90)
1222,672,상하,전라북도 고창군상하면 장산리780-2  ,전주기상대(146)
1224,672,상하,전라북도 고창군상하면 장산리780-2  ,고창기상대(172)
1225,673,진영,경상남도 김해시진영읍 하계로138번길30 진영단감연구소 ,부산지방기상청(159)
1228,674,사북,강원도 정선군사북읍 사북리산155-41 강원랜드 ,강릉(구 105)
1230,674,사북,강원도 정선군사북읍 사북리산155-41 강원랜드 ,영월기상대(121)
1231,675,남이섬,강원도 춘천시남산면 방하리 산159 남이섬,춘천기상대(101)
1232,676,위성센터,충청북도 진천군광혜원면 구암길64-18  ,청주기상대(131)
1235,677,달방댐,,강릉(구 105)
1237,678,강릉성산,강원도 강릉시성산면 어흘리산1-25(영동고속도로 상행선) ,강릉(구 105)
1240,679,강릉왕산,강원도 강릉시왕산면 대기리 1147(강원도감자원종장),강릉(구 105)
1243,680,평화,강원도 화천군 화천읍 평화로 3481-18평화의 댐,춘천기상대(101)
1247,681,원동,강원도 화천군화천읍 풍산리 산269 7사단 2포대,춘천기상대(101)
1249,681,원동,강원도 화천군화천읍 풍산리 산269 7사단 2포대,철원기상대(95)
1250,681,원동,강원도 화천군화천읍 풍산리 산269 7사단 2포대,속초기상대(90)
1251,682,임남,강원도 철원군임남면 수동리 산1-1 21사단 65연대,춘천기상대(101)
1253,683,오창가곡,충청북도 청주시 청원구오창읍 가곡길 46 충청북도 농업기술원,청주기상대(131)
1256,684,춘천신북,강원도 춘천시 신북읍유포리 1234 강원도농업기술원,춘천기상대(101)
1258,685,강정,제주특별자치도 서귀포시 중산간서로212 제주특별자치도농업기술원,제주지방기상청(184)
1260,685,강정,제주특별자치도 서귀포시 중산간서로212 제주특별자치도농업기술원,서귀포지역기상서비스센터(189)
1261,686,대곡,경상남도 진주시 대곡면소실길12.116 경상대학교 대곡농장,창원기상대(155)
1263,686,대곡,경상남도 진주시 대곡면소실길12.116 경상대학교 대곡농장,진주기상대(192)
1264,687,석곡,전라남도 곡성군석곡면 유정리403  ,광주지방기상청(156)
1265,688,봉산,전라남도 담양군봉산면 삼지리437-9  ,광주지방기상청(156)
1267,689,광주남구,광주광역시 남구노대동 597  빛고을CC 주차장 입구 빛고을CC 주차장 입구,광주지방기상청(156)
1270,690,풍산,전라북도 순창군풍산면 금풍로1006-1 풍산면사무소 ,전주기상대(146)
1272,690,풍산,전라북도 순창군풍산면 금풍로1006-1 풍산면사무소 ,남원기상대(247)
1273,691,정산,충청남도 청양군정산면 학암리 19-2(축산기술연구소),대전지방기상청(133)
1275,691,정산,충청남도 청양군정산면 학암리 19-2(축산기술연구소),보령지역기상서비스센터(235)
1276,691,장평,충청남도 청양군정산면 학암리 19-2(축산기술연구소),보령지역기상서비스센터(235)
1277,692,백학,경기도 연천군백학면 두일리 66 육군 제25사단 수색대대 ,
1278,692,백학,경기도 연천군백학면 두일리 66 육군 제25사단 수색대대 ,동두천지역기상서비스센터(98)
1279,692,백학,경기도 연천군백학면 두일리 66 육군 제25사단 수색대대 ,파주기상대(99)
1280,693,오창,충청북도 청원구오창읍 송대리320-1  ,청주기상대(131)
1281,693,선유동,충청북도 청원구오창읍 송대리320-1  ,청주기상대(131)
1282,694,원효봉,충청남도 예산군대치리 산35-12구 KT원효봉중계소 ,
1283,695,광덕산,강원도 화천군사내면 천문대길40번길 3 광덕산기상레이더,춘천기상대(101)
1285,695,광덕산,강원도 화천군사내면 천문대길40번길 3 광덕산기상레이더,철원기상대(95)
1288,696,신기,강원도 삼척시신기면 신기리78  ,강릉(구 105)
1291,696,신기,강원도 삼척시신기면 신기리78  ,동해기상대(106)
1293,697,서거차도,전라남도 진도군조도면 서거차도리210  ,목포기상대(165)
1296,697,서거차도,전라남도 진도군조도면 서거차도리210  ,진도기상대(175)
1297,697,죽도,전라남도 진도군조도면 서거차도리210  ,진도기상대(175)
1299,698,해제,전라남도 무안군해제면 광산리242-2 무안기상레이더연구센터 ,목포기상대(165)
1301,699,무안,전라남도 무안군무안읍 교촌리785-1  ,목포기상대(165)
1303,700,어청도,전라북도 군산시옥도면 어청도리산12  ,전주기상대(146)
1306,700,어청도,전라북도 군산시옥도면 어청도리산12  ,군산기상대(140)
1308,701,무주,전라북도 무주군무주읍 당산리 854-2416 무주농업기술센터 ,전주기상대(146)
1310,701,무주,전라북도 무주군무주읍 당산리 854-2416 무주농업기술센터 ,추풍령지역기상서비스센터(135)
1312,702,익산,전라북도 익산시신흥동 885-9,
1313,702,익산,전라북도 익산시신흥동 885-9,전주기상대(146)
1318,702,이리,전라북도 익산시신흥동 885-9,전주기상대(146)
1319,703,진안,전라북도 진안군진안읍 반월리1319 진안군농업기술센터 ,전주기상대(146)
1322,704,변산,전라북도 부안군변산면 격포리270-34  ,전주기상대(146)
1324,704,변산,전라북도 부안군변산면 격포리270-34  ,고창기상대(172)
1326,706,담양,전라남도 담양군담양읍 천변리396-16 담양군농업기술센터 시험포,광주지방기상청(156)
1329,707,지도,전라남도 신안군지도읍 읍내리산25-6 헬기장 ,목포기상대(165)
1332,708,광산,광주광역시 광산구용곡동 423-2농업기술센터  ,광주지방기상청(156)
1336,709,구례,전라남도 구례군마산면 사도리 895-6,광주지방기상청(156)
1339,709,구례,전라남도 구례군마산면 사도리 895-6,순천기상대(174)
1341,709,구례,전라남도 구례군마산면 사도리 895-6,여수기상대(168)
1343,710,나주,전라남도 나주시금천면 오강리386 나주배시험장 ,광주지방기상청(156)
1348,711,이양,전라남도 화순군이양면 오류리314-2  ,광주지방기상청(156)
1350,712,순천시,전라남도 순천시덕암동 62  ,광주지방기상청(156)
1352,712,순천시,전라남도 순천시덕암동 62  ,순천기상대(174)
1354,712,장천,전라남도 순천시덕암동 62  ,여수기상대(168)
1355,713,광양읍,전라남도 광양시광양읍 칠성리419-2  ,광주지방기상청(156)
1357,713,광양읍,전라남도 광양시광양읍 칠성리419-2  ,순천기상대(174)
1358,713,광양,전라남도 광양시광양읍 칠성리419-2  ,순천기상대(174)
1360,714,자은도,전라남도 신안군자은면 구영리1164-24번지  ,목포기상대(165)
1363,715,진도읍,,진도기상대(175)
1366,715,대흑산도,,목포기상대(165)
1367,716,하의도,전라남도 신안군하의면 후광길288(후광리 87) ,목포기상대(165)
1371,717,의신,전라남도 진도군의신면 연주리888-1  ,목포기상대(165)
1373,717,의신,전라남도 진도군의신면 연주리888-1  ,진도기상대(175)
1374,717,임회,전라남도 진도군의신면 연주리888-1  ,진도기상대(175)
1375,717,임회,전라남도 진도군의신면 연주리888-1  ,목포기상대(165)
1376,717,임회,전라남도 진도군의신면 연주리888-1  ,완도기상대(170)
1377,718,상조도,전라남도 진도군조도면 맹성리633  ,목포기상대(165)
1380,718,상조도,전라남도 진도군조도면 맹성리633  ,진도기상대(175)
1381,718,하조도,전라남도 진도군조도면 맹성리633  ,진도기상대(175)
1382,718,하조도,전라남도 진도군조도면 맹성리633  ,목포기상대(165)
1383,718,하조도,전라남도 진도군조도면 맹성리633  ,완도기상대(170)
1385,719,선유도,전라북도 군산시옥도면 장자도리71  ,전주기상대(146)
1387,719,선유도,전라북도 군산시옥도면 장자도리71  ,군산기상대(140)
1389,720,보길도,전라남도 완도군보길면 부황리 산 60-5산 22037 ,목포기상대(165)
1391,720,보길도,전라남도 완도군보길면 부황리 산 60-5산 22037 ,완도기상대(170)
1394,721,금일,전라남도 완도군금일읍 신구리산264-3  ,목포기상대(165)
1397,721,금일,전라남도 완도군금일읍 신구리산264-3  ,완도기상대(170)
1399,722,조선대,광주광역시 동구학동 668  조선대 간호대학교 뒤편(태양광발전시범단지)조선대학교 태양광발전시범단지(학동 668),광주지방기상청(156)
1402,722,학동,광주광역시 동구학동 668  조선대 간호대학교 뒤편(태양광발전시범단지)조선대학교 태양광발전시범단지(학동 668),광주지방기상청(156)
1403,723,거문도,전라남도 여수시삼산면 거문리87-72 해경거문치안센터 ,여수기상대(168)
1407,724,추자도,제주특별자치도 제주시추자면 영흥리31-14번지  ,제주지방기상청(184)
1412,725,우도,제주특별자치도 제주시우도면 연평리772번지  ,제주지방기상청(184)
1415,725,우도,제주특별자치도 제주시우도면 연평리772번지  ,성산지역기상서비스센터(188)
1416,726,마라도,제주특별자치도 서귀포시대정읍 가파리584번지  ,제주지방기상청(184)
1419,726,마라도,제주특별자치도 서귀포시대정읍 가파리584번지  ,고산지역기상서비스센터(185)
1421,727,유수암,제주특별자치도 제주시애월읍 평화로2144 제주경마공원 ,제주지방기상청(184)
1423,727,애월,제주특별자치도 제주시애월읍 평화로2144 제주경마공원 ,제주지방기상청(184)
1424,729,순창,,남원기상대(247)
1425,730,장성,전라남도 장성군황룡면 와룡리399-2  ,광주지방기상청(156)
1428,731,영암,전라남도 영암군영암읍 망호리201-1  ,목포기상대(165)
1433,732,보성,전라남도 보성군보성읍 옥평리571-11  ,여수기상대(168)
1436,732,보성,전라남도 보성군보성읍 옥평리571-11  ,완도기상대(170)
1437,733,함라,전라북도 익산시함라면 신등리926-9 익산예비군훈련장 ,전주기상대(146)
1438,733,함열,전라북도 익산시함라면 신등리926-9 익산예비군훈련장 ,전주기상대(146)
1439,734,완주,전라북도 완주군고산면 대야저수로244  ,전주기상대(146)
1442,734,고산,전라북도 완주군고산면 대야저수로244  ,전주기상대(146)
1443,735,덕유산,전라북도 무주군설천면 삼공리483-1  ,전주기상대(146)
1447,735,덕유산,전라북도 무주군설천면 삼공리483-1  ,추풍령지역기상서비스센터(135)
1449,736,진봉,전라북도 김제시진봉면 진봉로302번지 진봉초등학교 ,전주기상대(146)
1452,736,진봉,전라북도 김제시진봉면 진봉로302번지 진봉초등학교 ,군산기상대(140)
1454,737,김제,전라북도 김제시서암동 산30-1번지김제시 배수지 ,전주기상대(146)
1456,737,김제,전라북도 김제시서암동 산30-1번지김제시 배수지 ,군산기상대(140)
1458,738,줄포,전라북도 부안군줄포면 우포리 517-1144015 한국도로공사 부안지사,전주기상대(146)
1461,738,줄포,전라북도 부안군줄포면 우포리 517-1144015 한국도로공사 부안지사,고창기상대(172)
1462,738,줄포,전라북도 부안군줄포면 우포리 517-1144015 한국도로공사 부안지사,고창기상대(미사용 251)
1463,739,심원,전라북도 고창군심원면 도천리822  ,전주기상대(146)
1465,739,심원,전라북도 고창군심원면 도천리822  ,고창기상대(172)
1466,739,월산,전라북도 고창군심원면 도천리822  ,고창기상대(미사용 251)
1467,741,화순,전라남도 화순군화순읍 삼천리590  ,광주지방기상청(156)
1471,742,운남,전라남도 무안군운남면 성내리580-7  ,목포기상대(165)
1476,742,운남,전라남도 무안군운남면 성내리580-7  ,무안기상대(미사용 164)
1477,743,비금,전라남도 신안군비금면 지당리984-2 이세돌바둑기념관 ,목포기상대(165)
1481,744,산이,전라남도 해남군산이면 덕송리1077 해남통신지원대대 ,목포기상대(165)
1483,744,산이,전라남도 해남군산이면 덕송리1077 해남통신지원대대 ,진도기상대(175)
1484,744,화원,전라남도 해남군산이면 덕송리1077 해남통신지원대대 ,진도기상대(175)
1485,745,성전,전라남도 강진군성전면 송월리216-1 군부대 ,목포기상대(165)
1488,745,성전,전라남도 강진군성전면 송월리216-1 군부대 ,완도기상대(170)
1489,745,강진,전라남도 강진군성전면 송월리216-1 군부대 ,완도기상대(170)
1491,746,땅끝,전라남도 해남군송지면 미야리854  ,목포기상대(165)
1493,746,땅끝,전라남도 해남군송지면 미야리854  ,완도기상대(170)
1496,746,갈두,전라남도 해남군송지면 미야리854  ,완도기상대(170)
1498,746,마삭도,전라남도 해남군송지면 미야리854  ,완도기상대(170)
1499,747,청산도,전라남도 완도군청산면 도청리976  ,목포기상대(165)
1502,747,청산도,전라남도 완도군청산면 도청리976  ,완도기상대(170)
1504,748,벌교,전라남도 보성군장호길 56-386벌교하수처리장  ,여수기상대(168)
1507,748,벌교,전라남도 보성군장호길 56-386벌교하수처리장  ,완도기상대(170)
1508,749,도양,전라남도 고흥군도양읍 봉암리2346  ,여수기상대(168)
1514,750,백야,전라남도 여수시화양면 안포리 산823-3,여수기상대(168)
1517,751,선흘,제주특별자치도 제주시조천읍 선교로117번지  ,제주지방기상청(184)
1519,752,서광,제주특별자치도 서귀포시안덕면 신화역사로188번길 62 ,제주지방기상청(184)
1520,752,서광,제주특별자치도 서귀포시안덕면 신화역사로188번길 62 ,고산지역기상서비스센터(185)
1522,753,어리목,제주특별자치도 제주시1100로 2070-61한라산국립공원관리사무소  ,제주지방기상청(184)
1524,754,함평,전라남도 함평군함평읍 기각리189-7  ,광주지방기상청(156)
1527,754,함평,전라남도 함평군함평읍 기각리189-7  ,고창기상대(172)
1528,754,함평,전라남도 함평군함평읍 기각리189-7  ,고창기상대(미사용 251)
1529,754,함평,전라남도 함평군함평읍 기각리189-7  ,목포기상대(165)
1531,754,함평,전라남도 함평군함평읍 기각리189-7  ,무안기상대(미사용 164)
1532,755,화순북,전라남도 화순군백아면 옥리 487-1487-1  ,광주지방기상청(156)
1535,756,위도,전라북도 부안군위도면 진리501-5  ,전주기상대(146)
1538,756,위도,전라북도 부안군위도면 진리501-5  ,고창기상대(172)
1540,757,진안주천,전라북도 진안군주천면 신양리487-4  ,전주기상대(146)
1542,757,주천,전라북도 진안군주천면 신양리487-4  ,전주기상대(146)
1545,757,주양,전라북도 진안군주천면 신양리487-4  ,전주기상대(146)
1546,758,동향,전라북도 진안군동향면 대량리185-19 동향면사무소 ,전주기상대(146)
1551,759,뱀사골,전라북도 남원시산내면 와운길10 지리산국립공원 북부사무소,전주기상대(146)
1553,759,뱀사골,전라북도 남원시산내면 와운길10 지리산국립공원 북부사무소,남원기상대(247)
1556,760,복흥,전라북도 순창군복흥면 정산로24-31  ,전주기상대(146)
1560,760,복흥,전라북도 순창군복흥면 정산로24-31  ,정읍기상대(245)
1563,761,태인,전라북도 정읍시태인면 태창리409-3  ,전주기상대(146)
1566,761,태인,전라북도 정읍시태인면 태창리409-3  ,정읍기상대(245)
1570,762,강진면,전라북도 임실군강진면 용수리130-1  ,전주기상대(146)
1574,762,강진면,전라북도 임실군강진면 용수리130-1  ,정읍기상대(245)
1576,762,섬진댐,전라북도 임실군강진면 용수리130-1  ,전주기상대(146)
1577,763,여산,전라북도 익산시여산면 재남리사서함88호 육군 부사관학교,전주기상대(146)
1580,764,신덕,전라북도 임실군신덕면 삼길리1255-7  ,전주기상대(146)
1583,764,신덕,전라북도 임실군신덕면 삼길리1255-7  ,정읍기상대(245)
1586,765,복내,전라남도 보성군복내면 복내리536-13 (축구장 주변),광주지방기상청(156)
1588,765,복내,전라남도 보성군복내면 복내리536-13 (축구장 주변),순천기상대(174)
1589,765,문덕,전라남도 보성군복내면 복내리536-13 (축구장 주변),순천기상대(174)
1590,765,문덕,전라남도 보성군복내면 복내리536-13 (축구장 주변),여수기상대(168)
1591,765,문덕,전라남도 보성군복내면 복내리536-13 (축구장 주변),완도기상대(170)
1592,766,여수산단,전라남도 여수시여수산단로 918GS칼텍스여천공장  ,여수기상대(168)
1595,766,여천(공),전라남도 여수시여수산단로 918GS칼텍스여천공장  ,여수기상대(168)
1597,767,포두,전라남도 고흥군포두면 송산리1640  ,여수기상대(168)
1599,767,영남,전라남도 고흥군포두면 송산리1640  ,여수기상대(168)
1601,768,곡성,전라남도 곡성군곡성읍 삼인동길97 31사단95연대3대대9중대(곡성군부대) ,광주지방기상청(156)
1604,768,곡성,전라남도 곡성군곡성읍 삼인동길97 31사단95연대3대대9중대(곡성군부대) ,남원기상대(247)
1606,769,염산,전라남도 영광군염산면 옥실리 3-2043910  ,광주지방기상청(156)
1608,769,염산,전라남도 영광군염산면 옥실리 3-2043910  ,고창기상대(172)
1611,769,염산,전라남도 영광군염산면 옥실리 3-2043910  ,무안기상대(미사용 164)
1612,770,다도,전라남도 나주시다도면 신동리309-9  ,광주지방기상청(156)
1616,771,안좌,전라남도 신안군안좌면 향목리398-3  ,목포기상대(165)
1620,772,수유,전라남도 진도군진도읍 수유리1421  ,목포기상대(165)
1622,772,수유,전라남도 진도군진도읍 수유리1421  ,진도기상대(175)
1623,772,고군,전라남도 진도군진도읍 수유리1421  ,진도기상대(175)
1625,772,고군,전라남도 진도군진도읍 수유리1421  ,목포기상대(165)
1626,772,고군,전라남도 진도군진도읍 수유리1421  ,완도기상대(170)
1627,773,학산,전라남도 영암군학산면 상월리산 86(임) ,목포기상대(165)
1629,773,미암,전라남도 영암군학산면 상월리산 86(임) ,목포기상대(165)
1630,774,전남도청,전라남도 무안군삼향읍 남악리1000(오룡길 1) 전남도청,목포기상대(165)
1633,774,몽탄,전라남도 무안군삼향읍 남악리1000(오룡길 1) 전남도청,목포기상대(165)
1634,774,몽탄,전라남도 무안군삼향읍 남악리1000(오룡길 1) 전남도청,무안기상대(미사용 164)
1635,775,월야,전라남도 함평군월야면 월야리344-13  ,광주지방기상청(156)
1638,775,월야,전라남도 함평군월야면 월야리344-13  ,고창기상대(172)
1639,775,월야,전라남도 함평군월야면 월야리344-13  ,무안기상대(미사용 164)
1640,776,현산,전라남도 해남군현산면 고현리498  ,목포기상대(165)
1642,776,현산,전라남도 해남군현산면 고현리498  ,여수기상대(168)
1643,776,현산,전라남도 해남군현산면 고현리498  ,완도기상대(170)
1644,777,관산,전라남도 장흥군관산읍 옥당리226-2  ,목포기상대(165)
1647,777,대덕,전라남도 장흥군관산읍 옥당리226-2  ,목포기상대(165)
1648,777,대덕,전라남도 장흥군관산읍 옥당리226-2  ,완도기상대(170)
1649,778,유치,전라남도 장흥군유치면 관동리62  ,목포기상대(165)
1651,778,유치,전라남도 장흥군유치면 관동리62  ,완도기상대(170)
1653,779,한림,제주특별자치도 제주시한림읍 명월리1969번지  ,제주지방기상청(184)
1655,779,한림,제주특별자치도 제주시한림읍 명월리1969번지  ,고산지역기상서비스센터(185)
1656,780,제주남원,제주특별자치도 서귀포시남원읍 태위로551-27 남원생활체육관 ,제주지방기상청(184)
1657,780,남원,제주특별자치도 서귀포시남원읍 태위로551-27 남원생활체육관 ,제주지방기상청(184)
1658,780,남원,제주특별자치도 서귀포시남원읍 태위로551-27 남원생활체육관 ,서귀포지역기상서비스센터(189)
1659,781,구좌,제주특별자치도 제주시구좌읍 하도리2233 - 1,제주지방기상청(184)
1661,781,구좌,제주특별자치도 제주시구좌읍 하도리2233 - 1,성산지역기상서비스센터(188)
1664,782,성판악,제주특별자치도 제주시조천읍 516로1865 성판악탐방안내소 ,제주지방기상청(184)
1666,783,과기원,광주광역시 북구오룡동 1  광주과학기술원(창업보육생산동 앞)광주과학기술원 창업보육생산동 앞,광주지방기상청(156)
1668,783,하남공,광주광역시 북구오룡동 1  광주과학기술원(창업보육생산동 앞)광주과학기술원 창업보육생산동 앞,광주지방기상청(156)
1669,784,시종,전라남도 영암군시종면 만수리680  ,목포기상대(165)
1672,785,북일,전라남도 해남군북일면 신월리174-4  ,목포기상대(165)
1675,785,북일,전라남도 해남군북일면 신월리174-4  ,완도기상대(170)
1677,786,돌산,전라남도 여수시돌산읍 서덕리 284-5,여수기상대(168)
1681,787,도화,전라남도 고흥군도화면 당오리1147-15 도화베이스볼파크 ,여수기상대(168)
1685,788,풍암,광주광역시 서구풍암동 20풍암생활체육공원 내 ,광주지방기상청(156)
1690,788,무등산,광주광역시 서구풍암동 20풍암생활체육공원 내 ,광주지방기상청(156)
1691,789,압해도,전라남도 신안군압해면 신용리602-5 나무병원 ,목포기상대(165)
1696,790,나로도,전라남도 고흥군동일면 덕흥양쪽길200  ,여수기상대(168)
1700,791,피아골,전라남도 구례군토지면 내동리1155-1 서울대 남부학술림,광주지방기상청(156)
1702,791,피아골,전라남도 구례군토지면 내동리1155-1 서울대 남부학술림,순천기상대(174)
1703,791,피아골,전라남도 구례군토지면 내동리1155-1 서울대 남부학술림,여수기상대(168)
1704,792,표선,제주특별자치도 서귀포시표선면 한마음초등로399 표선생활체육관 ,제주지방기상청(184)
1706,792,표선면,제주특별자치도 서귀포시표선면 한마음초등로399 표선생활체육관 ,제주지방기상청(184)
1707,792,표선면,제주특별자치도 서귀포시표선면 한마음초등로399 표선생활체육관 ,성산지역기상서비스센터(188)
1708,792,가시,제주특별자치도 서귀포시표선면 한마음초등로399 표선생활체육관 ,성산지역기상서비스센터(188)
1709,792,가시,제주특별자치도 서귀포시표선면 한마음초등로399 표선생활체육관 ,제주지방기상청(184)
1711,793,대정,제주특별자치도 서귀포시대정읍 일과리1396-2번지  ,제주지방기상청(184)
1712,793,모슬포,제주특별자치도 서귀포시대정읍 일과리1396-2번지  ,제주지방기상청(184)
1713,793,모슬포,제주특별자치도 서귀포시대정읍 일과리1396-2번지  ,고산지역기상서비스센터(185)
1714,794,황전,전라남도 순천시황전면 괴목리 60-1 황전면사무소21916 황전면사무소 ,광주지방기상청(156)
1716,794,황전,전라남도 순천시황전면 괴목리 60-1 황전면사무소21916 황전면사무소 ,순천기상대(174)
1717,794,황전,전라남도 순천시황전면 괴목리 60-1 황전면사무소21916 황전면사무소 ,여수기상대(168)
1718,795,옥과,전라남도 곡성군옥과면 리문리161  ,광주지방기상청(156)
1721,795,옥과,전라남도 곡성군옥과면 리문리161  ,남원기상대(247)
1722,795,죽학,전라남도 곡성군옥과면 리문리161  ,순천기상대(174)
1723,795,죽학,전라남도 곡성군옥과면 리문리161  ,여수기상대(168)
1724,796,초도,전라남도 여수시삼산면 초도로638  ,여수기상대(168)
1728,797,하태도,전라남도 신안군흑산면 태도리 산309-1  내연발전소 뒤44152 내연발전소 뒤,흑산도기상대(169)
1731,798,홍도,전라남도 신안군흑산면 홍도1길53(홍도분교)  ,흑산도기상대(169)
1734,799,낙월도,전라남도 영광군낙월면 상낙월리357 낙월면사무소 ,광주지방기상청(156)
1735,799,낙월도,전라남도 영광군낙월면 상낙월리357 낙월면사무소 ,고창기상대(172)
1737,799,낙월도,전라남도 영광군낙월면 상낙월리357 낙월면사무소 ,무안기상대(미사용 164)
1738,800,평해,경상북도 울진군평해읍 평해리510  ,안동기상대(136)
1740,800,후포,경상북도 울진군평해읍 평해리510  ,안동기상대(136)
1741,800,후포,경상북도 울진군평해읍 평해리510  ,울진기상대(130)
1743,801,영양,경상북도 영양군영양읍 감천리646-2  ,안동기상대(136)
1744,801,영양,경상북도 영양군영양읍 감천리646-2  ,울진기상대(130)
1747,802,온정,경상북도 울진군온정면 외선미리63번지  ,안동기상대(136)
1750,802,온정,경상북도 울진군온정면 외선미리63번지  ,울진기상대(130)
1752,802,상주,경상북도 울진군온정면 외선미리63번지  ,안동기상대(136)
1753,803,옥산,경상북도 의성군옥산면 금봉로27(구성리 408-1) 옥산중학교,대구(구 143)
1754,803,옥산,경상북도 의성군옥산면 금봉로27(구성리 408-1) 옥산중학교,안동기상대(136)
1755,803,송생,경상북도 의성군옥산면 금봉로27(구성리 408-1) 옥산중학교,안동기상대(136)
1756,803,청송,경상북도 의성군옥산면 금봉로27(구성리 408-1) 옥산중학교,안동기상대(136)
1758,803,청송,경상북도 의성군옥산면 금봉로27(구성리 408-1) 옥산중학교,울진기상대(130)
1759,804,청하,경상북도 포항시북구 청하면미남리 629-5 ,포항기상대(138)
1761,805,죽장,경상북도 포항시북구 죽장면방흥리 276 ,포항기상대(138)
1764,806,선산,경상북도 구미시선산읍 김선로963 구미시농업기술센터 ,대구(구 143)
1766,806,선산,경상북도 구미시선산읍 김선로963 구미시농업기술센터 ,구미기상대(279)
1767,807,의흥,경상북도 군위군의흥면 수서리581-1  ,대구(구 143)
1769,807,의흥,경상북도 군위군의흥면 수서리581-1  ,구미기상대(279)
1772,807,의흥,경상북도 군위군의흥면 수서리581-1  ,안동기상대(136)
1773,808,호미곶,경상북도 포항시남구 호미곶면대보리 287-1 호미곶광장,포항기상대(138)
1775,809,대덕,경상북도 김천시대덕면 중산리429-3  ,대구(구 143)
1778,809,대덕,경상북도 김천시대덕면 중산리429-3  ,구미기상대(279)
1779,810,성주,경상북도 성주군성주읍 성주로3293-81 성주군하수종말처리장 ,대구(구 143)
1781,810,성주,경상북도 성주군성주읍 성주로3293-81 성주군하수종말처리장 ,구미기상대(279)
1784,811,황성,경상북도 경주시황성동 957황성공원내  ,포항기상대(138)
1785,811,경주,경상북도 경주시황성동 957황성공원내  ,포항기상대(138)
1788,812,고령,경상북도 고령군 대가야읍 일량본길 137고령군 농업기술센터,대구(구 143)
1790,812,고령,경상북도 고령군 대가야읍 일량본길 137고령군 농업기술센터,진주기상대(192)
1791,813,청도,경상북도 청도군화양읍 송북리278  ,대구(구 143)
1793,814,부석,경상북도 영주시부석면 소백로3790(소천리 215) 아람진펜션,안동기상대(136)
1796,815,예천,경상북도 예천군예천읍 충효로433 예천군농업기술센터 ,안동기상대(136)
1797,815,예천,경상북도 예천군예천읍 충효로433 예천군농업기술센터 ,대구(구 143)
1798,815,예천,경상북도 예천군예천읍 충효로433 예천군농업기술센터 ,상주기상대(137)
1799,816,구룡포,경상북도 포항시 남구 구룡포읍 병포길52번길 41병포정수장,포항기상대(138)
1800,816,장기,경상북도 포항시 남구 구룡포읍 병포길52번길 41병포정수장,포항기상대(138)
1801,817,수비,경상북도 영양군수비면 수하리산107-18번지  ,안동기상대(136)
1802,817,수비,경상북도 영양군수비면 수하리산107-18번지  ,울진기상대(130)
1805,818,마성,경상북도 문경시마성면 문경GC길240 문경레저타운 ,안동기상대(136)
1807,818,마성,경상북도 문경시마성면 문경GC길240 문경레저타운 ,대구(구 143)
1808,818,마성,경상북도 문경시마성면 문경GC길240 문경레저타운 ,상주기상대(137)
1809,818,문경읍,경상북도 문경시마성면 문경GC길240 문경레저타운 ,상주기상대(137)
1811,819,예안,경상북도 안동시예안면 임예로1896(정산리 642) 예안119지역대,안동기상대(136)
1816,820,하회,경상북도 안동시풍천면 전서로216(하회리 284) 하회마을관리사무소,안동기상대(136)
1817,820,풍천,경상북도 안동시풍천면 전서로216(하회리 284) 하회마을관리사무소,안동기상대(136)
1819,821,공성,경상북도 상주시공성면 웅산로1094 경상북도농업기술원 상주감시험장,대구(구 143)
1820,821,공성,경상북도 상주시공성면 웅산로1094 경상북도농업기술원 상주감시험장,상주기상대(137)
1822,821,옥산,경상북도 상주시공성면 웅산로1094 경상북도농업기술원 상주감시험장,상주기상대(137)
1823,821,옥산,경상북도 상주시공성면 웅산로1094 경상북도농업기술원 상주감시험장,안동기상대(136)
1824,822,김천,경상북도 김천시구성면 남김천대로3296-22 김천시농업기술센터 ,대구(구 143)
1825,822,김천,경상북도 김천시구성면 남김천대로3296-22 김천시농업기술센터 ,구미기상대(279)
1827,822,김천,경상북도 김천시구성면 남김천대로3296-22 김천시농업기술센터 ,상주기상대(137)
1828,823,군위,경상북도 군위군군위읍 내량리1-41  ,대구(구 143)
1830,823,군위,경상북도 군위군군위읍 내량리1-41  ,구미기상대(279)
1832,823,군위,경상북도 군위군군위읍 내량리1-41  ,안동기상대(136)
1833,824,가산,경상북도 칠곡군가산면 학상리256-1  ,대구(구 143)
1836,824,가산,경상북도 칠곡군가산면 학상리256-1  ,구미기상대(279)
1839,825,칠곡,경상북도 칠곡군약목면 동덕로146 칠곡군농업기술센터 ,대구(구 143)
1840,825,칠곡,경상북도 칠곡군약목면 동덕로146 칠곡군농업기술센터 ,구미기상대(279)
1842,825,약목,경상북도 칠곡군약목면 동덕로146 칠곡군농업기술센터 ,대구(구 143)
1843,826,신녕,경상북도 영천시신녕면 큰골길9 신녕초등학교 ,대구(구 143)
1844,826,신녕,경상북도 영천시신녕면 큰골길9 신녕초등학교 ,포항기상대(138)
1845,826,신령,경상북도 영천시신녕면 큰골길9 신녕초등학교 ,포항기상대(138)
1847,826,신령,경상북도 영천시신녕면 큰골길9 신녕초등학교 ,대구(구 143)
1848,827,경산,경상북도 경산시 남매로 158경산보건소 (중방동),대구(구 143)
1852,828,달성,대구광역시 달성군 현풍읍 현풍서로 147대구환경공단 달성사업소,대구(구 143)
1856,828,현풍,대구광역시 달성군 현풍읍 현풍서로 147대구환경공단 달성사업소,대구(구 143)
1857,829,외동,경상북도 경주시 외동읍 순금2길 8-15(구)외동정수장44058 (구)외동정수장 ,포항기상대(138)
1859,830,기계,경상북도 포항시북구 기계면새마을발상지길46 기계면새마을발상지운동장 ,포항기상대(138)
1862,831,석포,경상북도 봉화군석포면 대현리산13-103 청옥산자연휴양림 ,안동기상대(136)
1863,831,석포,경상북도 봉화군석포면 대현리산13-103 청옥산자연휴양림 ,울진기상대(130)
1867,832,단북,경상북도 의성군단북면 노연리 380-1,대구(구 143)
1868,832,단북,경상북도 의성군단북면 노연리 380-1,안동기상대(136)
1869,832,안계,경상북도 의성군단북면 노연리 380-1,안동기상대(136)
1873,833,은척,경상북도 상주시 은척면 성주봉로 91상주시 한방산업단지관리사업소91 상주시한방산업단지관리사업소 ,대구(구 143)
1875,833,은척,경상북도 상주시 은척면 성주봉로 91상주시 한방산업단지관리사업소91 상주시한방산업단지관리사업소 ,상주기상대(137)
1876,833,농암,경상북도 상주시 은척면 성주봉로 91상주시 한방산업단지관리사업소91 상주시한방산업단지관리사업소 ,상주기상대(137)
1878,834,화서,경상북도 상주시화서면 중화로2191 국립식량과학원 상주출장소,대구(구 143)
1880,834,화서,경상북도 상주시화서면 중화로2191 국립식량과학원 상주출장소,상주기상대(137)
1883,834,화서,경상북도 상주시화서면 중화로2191 국립식량과학원 상주출장소,안동기상대(136)
1884,835,봉화읍,경상북도 봉화군해저리 578-19,안동기상대(136)
1886,835,봉화읍,경상북도 봉화군해저리 578-19,울진기상대(130)
1889,836,현서,경상북도 청송군현서면 구산리 61-1,대구(구 143)
1890,836,현서,경상북도 청송군현서면 구산리 61-1,안동기상대(136)
1895,836,현서,경상북도 청송군현서면 구산리 61-1,울진기상대(130)
1896,837,이산,경상북도 영주시이산면 원리228번지 제3260부대3대대 ,안동기상대(136)
1897,837,문수,경상북도 영주시이산면 원리228번지 제3260부대3대대 ,안동기상대(136)
1899,838,동로,경상북도 문경시동로면 여우목로2319-45 문경오미자연구소 ,안동기상대(136)
1901,838,동로,경상북도 문경시동로면 여우목로2319-45 문경오미자연구소 ,대구(구 143)
1903,838,동로,경상북도 문경시동로면 여우목로2319-45 문경오미자연구소 ,상주기상대(137)
1906,839,길안,경상북도 안동시길안면 천지안길71-3(천지리 731-1) 길안중학교,안동기상대(136)
1911,840,하양,경상북도 경산시하양읍 금락리산121  ,대구(구 143)
1914,841,화북,경상북도 영천시화북면 오산리1493 화북소공원 ,대구(구 143)
1916,841,화북,경상북도 영천시화북면 오산리1493 화북소공원 ,포항기상대(138)
1921,842,산내,경상북도 경주시산내면 외칠리981-2  ,포항기상대(138)
1924,843,금강송,경상북도 울진군 금강송면 불영계곡로 1720왕피천환경출장소,안동기상대(136)
1926,843,울진서,경상북도 울진군 금강송면 불영계곡로 1720왕피천환경출장소,안동기상대(136)
1927,843,울진서,경상북도 울진군 금강송면 불영계곡로 1720왕피천환경출장소,울진기상대(130)
1929,844,영덕읍,경상북도 영덕군 영덕읍 경동로 8113영덕군농업기술센터,포항기상대(138)
1931,844,영덕읍,경상북도 영덕군 영덕읍 경동로 8113영덕군농업기술센터,안동기상대(136)
1932,844,영덕읍,경상북도 영덕군 영덕읍 경동로 8113영덕군농업기술센터,울진기상대(130)
1937,845,대구북구,대구광역시 북구조야로 2길209 대구환경공단 신천사업소,대구(구 143)
1939,845,수성,대구광역시 북구조야로 2길209 대구환경공단 신천사업소,대구(구 143)
1940,845,남구,대구광역시 북구조야로 2길209 대구환경공단 신천사업소,대구(구 143)
1941,846,대구서구,대구광역시 서구중리동 942-1상리배수지  ,대구(구 143)
1943,846,서구,대구광역시 서구중리동 942-1상리배수지  ,대구(구 143)
1946,847,소보,경상북도 군위군소보면 소보안계로107 국립원예특작과학원 ,대구(구 143)
1948,847,소보,경상북도 군위군소보면 소보안계로107 국립원예특작과학원 ,구미기상대(279)
1949,848,청도금천,경상북도 청도군금천면 섶마리1길27 금천초등학교 ,대구(구 143)
1951,848,금천,경상북도 청도군금천면 섶마리1길27 금천초등학교 ,대구(구 143)
1953,849,지보,경상북도 예천군 지보면 소화1길 20-5지보면종합복지회관43971 지보면종합복지회관 ,안동기상대(136)
1954,849,지보,경상북도 예천군 지보면 소화1길 20-5지보면종합복지회관43971 지보면종합복지회관 ,대구(구 143)
1956,849,지보,경상북도 예천군 지보면 소화1길 20-5지보면종합복지회관43971 지보면종합복지회관 ,상주기상대(137)
1957,849,풍양,경상북도 예천군 지보면 소화1길 20-5지보면종합복지회관43971 지보면종합복지회관 ,상주기상대(137)
1958,850,감포,경상북도 경주시감포읍 나정리630 나정해수욕장 ,포항기상대(138)
1961,850,송대말,경상북도 경주시감포읍 나정리630 나정해수욕장 ,포항기상대(138)
1962,851,소곡,경상북도 울진군북면 박금소야로448  ,안동기상대(136)
1965,851,소곡,경상북도 울진군북면 박금소야로448  ,울진기상대(130)
1966,851,하당,경상북도 울진군북면 박금소야로448  ,울진기상대(130)
1967,851,덕구,경상북도 울진군북면 박금소야로448  ,울진기상대(130)
1968,852,죽변,경상북도 울진군죽변면 등대길131 죽변레이더기지 ,안동기상대(136)
1969,852,죽변,경상북도 울진군죽변면 등대길131 죽변레이더기지 ,울진기상대(130)
1972,853,팔공산,경상북도 칠곡군동명면 한티로1034 팔공산도립공원관리사무소 ,대구(구 143)
1975,854,삼동,울산광역시 울주군삼동면 금곡리산186-6번지 보라 컨트리클럽,울산기상대(152)
1978,855,가파도,제주특별자치도 서귀포시가파리 373-1번지  ,제주지방기상청(184)
1980,855,가파도,제주특별자치도 서귀포시가파리 373-1번지  ,고산지역기상서비스센터(185)
1981,856,광양백운산,전라남도 광양시옥룡면 동곡리1113 서울대 남부학술림,광주지방기상청(156)
1982,856,백운산,전라남도 광양시옥룡면 동곡리1113 서울대 남부학술림,광주지방기상청(156)
1983,856,백운산,전라남도 광양시옥룡면 동곡리1113 서울대 남부학술림,순천기상대(174)
1985,857,완도읍,전라남도 완도군완도읍 중도리954-1  ,목포기상대(165)
1987,857,완도읍,전라남도 완도군완도읍 중도리954-1  ,완도기상대(170)
1989,858,지산,전라남도 진도군지산면 인지리 77-128126  ,목포기상대(165)
1991,858,지산,전라남도 진도군지산면 인지리 77-128126  ,진도기상대(175)
1992,858,심동리,전라남도 진도군지산면 인지리 77-128126  ,진도기상대(175)
1993,859,토함산,경상북도 경주시양북면 불국로1208-45 토함산자연휴양림 ,포항기상대(138)
1995,860,신암,대구광역시 동구아양로9길 36  ,대구(구 143)
1997,860,서울W,대구광역시 동구아양로9길 36  ,서울기상관측소(108)
1998,861,월정,제주특별자치도 제주시 구좌읍 월정서로 162제주동부하수처리장,제주지방기상청(184)
2001,861,대이작,제주특별자치도 제주시 구좌읍 월정서로 162제주동부하수처리장,인천기상대(112)
2002,861,인천W,제주특별자치도 제주시 구좌읍 월정서로 162제주동부하수처리장,인천기상대(112)
2003,862,송당,제주특별자치도 제주시 구좌읍 중산간동로 2212송당리사무소,제주지방기상청(184)
2004,862,김녕,제주특별자치도 제주시 구좌읍 중산간동로 2212송당리사무소,제주지방기상청(184)
2005,862,만장굴,제주특별자치도 제주시 구좌읍 중산간동로 2212송당리사무소,제주지방기상청(184)
2006,862,수원W,제주특별자치도 제주시 구좌읍 중산간동로 2212송당리사무소,수도권기상청(119)
2007,863,외도,제주특별자치도 제주시외도1동 1019  ,제주지방기상청(184)
2009,863,대전W,제주특별자치도 제주시외도1동 1019  ,대전지방기상청(133)
2010,864,완산,전라북도 전주시완산구 남노송동515-33  ,전주기상대(146)
2013,864,전주W,전라북도 전주시완산구 남노송동515-33  ,전주기상대(146)
2014,865,오등,제주특별자치도 제주시오등동 1809번지  ,제주지방기상청(184)
2017,865,광주W,제주특별자치도 제주시오등동 1809번지  ,광주지방기상청(156)
2018,866,한라생태숲,제주특별자치도 제주시 516로 2596용강동 산14-1 (용강동),제주지방기상청(184)
2021,866,용강,제주특별자치도 제주시 516로 2596용강동 산14-1 (용강동),제주지방기상청(184)
2022,866,대구W,제주특별자치도 제주시 516로 2596용강동 산14-1 (용강동),대구(구 143)
2023,867,삼각봉,제주특별자치도 제주시오라2동 산107-20번지  ,제주지방기상청(184)
2026,867,울산W,제주특별자치도 제주시오라2동 산107-20번지  ,울산기상대(152)
2027,868,사제비,제주특별자치도 제주시애월읍 광령리 산183-6번지,제주지방기상청(184)
2030,868,부산W,제주특별자치도 제주시애월읍 광령리 산183-6번지,부산지방기상청(159)
2031,869,영실,제주특별자치도 서귀포시 영실로 246하원동 산1-1 (하원동),제주지방기상청(184)
2032,869,서귀포W,제주특별자치도 서귀포시 영실로 246하원동 산1-1 (하원동),제주지방기상청(184)
2033,870,진달래밭,제주특별자치도 서귀포시남원읍 영실로492 진달래밭대피소 ,제주지방기상청(184)
2037,871,윗세오름,제주특별자치도 제주시애월읍 1100로2070-510 윗세오름대피소 ,제주지방기상청(184)
2041,872,지리산,경상남도 산청군시천면 지리산대로1 경남환경교육원 ,창원기상대(155)
2043,872,지리산,경상남도 산청군시천면 지리산대로1 경남환경교육원 ,진주기상대(192)
2045,873,원주백운산,강원도 원주시판부면 서곡리 산 166번지 육군 제8839부대 정보통신여단 ,강릉(구 105)
2046,873,백운산,강원도 원주시판부면 서곡리 산 166번지 육군 제8839부대 정보통신여단 ,강릉(구 105)
2047,873,백운산,강원도 원주시판부면 서곡리 산 166번지 육군 제8839부대 정보통신여단 ,원주기상대(114)
2049,874,동송,강원도 철원군 동송읍 상노로 556사단 신병교육대 주차장,춘천기상대(101)
2051,874,동송,강원도 철원군 동송읍 상노로 556사단 신병교육대 주차장,철원기상대(95)
2052,874,삼천봉,강원도 철원군 동송읍 상노로 556사단 신병교육대 주차장,철원기상대(95)
2054,875,설악산,강원도 양양군서면 대청봉길1 중청대피소 ,강릉(구 105)
2056,875,설악산,강원도 양양군서면 대청봉길1 중청대피소 ,속초기상대(90)
2058,876,삼척,강원도 삼척시교동 702-3 근린공원 내,강릉(구 105)
2060,876,삼척,강원도 삼척시교동 702-3 근린공원 내,동해기상대(106)
2062,877,문막,강원도 원주시문막읍 취병리569-13  ,강릉(구 105)
2064,877,문막,강원도 원주시문막읍 취병리569-13  ,원주기상대(114)
2066,878,도계,강원도 삼척시도계읍 황조리강원대 삼척2캠퍼스 ,강릉(구 105)
2068,878,도계,강원도 삼척시도계읍 황조리강원대 삼척2캠퍼스 ,동해기상대(106)
2069,879,스키점프,강원도 평창군대관령면 용산리438-125  ,강릉(구 105)
2070,879,스키점프,강원도 평창군대관령면 용산리438-125  ,대관령기상대(100)
2071,880,금악,제주특별자치도 제주시한림읍 금악리산56-3  ,제주지방기상청(184)
2073,881,새만금,전라북도 부안군변산면 새만금로 573비안도 산 468,전주기상대(146)
2075,881,새만금,전라북도 부안군변산면 새만금로 573비안도 산 468,군산기상대(140)
2076,882,상무대,전라남도 장성군삼서면 학성리사서함 75 ,광주지방기상청(156)
2079,883,새별오름,제주특별자치도 제주시애월읍 봉성리산59-12  ,제주지방기상청(184)
2081,883,봉성,제주특별자치도 제주시애월읍 봉성리산59-12  ,제주지방기상청(184)
2082,883,안덕,제주특별자치도 제주시애월읍 봉성리산59-12  ,제주지방기상청(184)
2083,884,기상(과),제주특별자치도 서귀포시 서호북로 33국립기상과학원 (서호동),제주지방기상청(184)
2084,884,기상(연),제주특별자치도 서귀포시 서호북로 33국립기상과학원 (서호동),서귀포지역기상서비스센터(189)
2085,885,태풍센터,제주특별자치도 서귀포시남원읍 서성로810번길 2 ,제주지방기상청(184)
2086,885,태풍센터,제주특별자치도 서귀포시남원읍 서성로810번길 2 ,서귀포지역기상서비스센터(189)
2088,886,군산산단,전라북도 군산시내초동 231번지내초공원  ,전주기상대(146)
2090,886,군산산단,전라북도 군산시내초동 231번지내초공원  ,군산기상대(140)
2091,887,세종연기,세종특별자치시 연기면 세종리825,대전지방기상청(133)
2093,887,세종시,세종특별자치시 연기면 세종리825,대전지방기상청(133)
2094,888,청남대,충청북도 청주시상당구 문의면신대리 산26-1 ,청주기상대(131)
2095,889,현충원,서울특별시 동작구현충로 210국립서울현충원  ,
2096,890,제주가시리,제주특별자치도 서귀포시표선면 가시리 산 45-4,제주지방기상청(184)
2098,890,신례,제주특별자치도 서귀포시표선면 가시리 산 45-4,제주지방기상청(184)
2099,891,색달,서귀포시 색달동 산50,제주지방기상청(184)
2100,892,성산수산,제주특별자치도 서귀포시성산읍 수산리 3039-1,제주지방기상청(184)
2102,893,애월,제주특별자치도 제주시애월읍 애월리397-2  ,제주지방기상청(184)
2104,898,장생포,울산광역시 남구장생포 고래로 288번길 6(매암동),울산기상대(152)
2105,899,마산회원,경상남도 창원시 마산회원구 삼호로 63양덕동 477 창원NC파크 동편 잔디옥상(양덕동),창원기상대(155)
2107,900,두서,울산광역시 울주군두서면 구량리500-7번지  ,울산기상대(152)
2109,900,상북,울산광역시 울주군두서면 구량리500-7번지  ,울산기상대(152)
2110,901,울기,울산광역시 동구일산동 산907 방어진중대 ,울산기상대(152)
2113,902,시천,경상남도 산청군시천면 내공리640-1  ,창원기상대(155)
2115,902,시천,경상남도 산청군시천면 내공리640-1  ,진주기상대(192)
2116,902,중산리,경상남도 산청군시천면 내공리640-1  ,진주기상대(192)
2119,903,도천,경상남도 창녕군도천면 우강리 841-36 영산천배수장,울산기상대(152)
2122,903,남지,경상남도 창녕군도천면 우강리 841-36 영산천배수장,창원기상대(155)
2124,904,사상,부산광역시 사상구삼락동 29-43 삼락생태공원,부산지방기상청(159)
2127,904,동읍,부산광역시 사상구삼락동 29-43 삼락생태공원,창원기상대(155)
2129,904,의창,부산광역시 사상구삼락동 29-43 삼락생태공원,창원기상대(155)
2130,905,양산상북,경상남도 양산시상북면 좌삼리497-9 양산예비군훈련장 ,울산기상대(152)
2133,905,남부,경상남도 양산시상북면 좌삼리497-9 양산예비군훈련장 ,부산지방기상청(159)
2134,905,양산,경상남도 양산시상북면 좌삼리497-9 양산예비군훈련장 ,부산지방기상청(159)
2136,906,화개,경상남도 하동군화개면 화개로541-6 지리산국립공원사무소 하동분소,창원기상대(155)
2139,906,화개,경상남도 하동군화개면 화개로541-6 지리산국립공원사무소 하동분소,진주기상대(192)
2142,907,삼천포,경상남도 사천시대방동 136-3  ,창원기상대(155)
2143,907,삼천포,경상남도 사천시대방동 136-3  ,진주기상대(192)
2144,907,삼천포,경상남도 사천시대방동 136-3  ,통영기상대(162)
2146,908,진해,경상남도 창원시진해구 성내동476-2 창원시농업기술센터 진해과,창원기상대(155)
2150,909,서이말,경상남도 거제시일운면 서이말길478 서이말항로표지관리소 ,부산지방기상청(159)
2152,909,서이말,경상남도 거제시일운면 서이말길478 서이말항로표지관리소 ,통영기상대(162)
2154,910,영도,부산광역시 영도구 본산로 5453사단 125연대 1대대(동삼동),부산지방기상청(159)
2158,911,매물도,경상남도 통영시한산면 매죽리 39-9,부산지방기상청(159)
2160,911,매물도,경상남도 통영시한산면 매죽리 39-9,통영기상대(162)
2163,912,백천,경상남도 함양군함양읍 백천리409-2 농업기술센터 시범포,창원기상대(155)
2166,912,백천,경상남도 함양군함양읍 백천리409-2 농업기술센터 시범포,거창기상대(284)
2167,912,함양,경상남도 함양군함양읍 백천리409-2 농업기술센터 시범포,거창기상대(284)
2168,912,함양,경상남도 함양군함양읍 백천리409-2 농업기술센터 시범포,진주기상대(192)
2170,913,상주면,경상남도 남해군상주면 상주로60번길69 한려해상체육공원 ,부산지방기상청(159)
2171,913,상주면,경상남도 남해군상주면 상주로60번길69 한려해상체육공원 ,통영기상대(162)
2172,914,서하,경상남도 함양군서하면 봉전리1331-9  ,창원기상대(155)
2174,914,서하,경상남도 함양군서하면 봉전리1331-9  ,거창기상대(284)
2176,914,서하,경상남도 함양군서하면 봉전리1331-9  ,진주기상대(192)
2177,915,삼가,경상남도 합천군삼가면 두모리192-3  ,울산기상대(152)
2182,915,삼가,경상남도 합천군삼가면 두모리192-3  ,거창기상대(284)
2184,915,삼가,경상남도 합천군삼가면 두모리192-3  ,진주기상대(192)
2185,916,단성,경상남도 산청군단성면 강누리 38-3,창원기상대(155)
2187,916,단성,경상남도 산청군단성면 강누리 38-3,진주기상대(192)
2190,916,신안,경상남도 산청군단성면 강누리 38-3,진주기상대(192)
2192,917,사천,경상남도 사천시용현면 진삼로902 사천농업기술센터 ,창원기상대(155)
2194,917,사천,경상남도 사천시용현면 진삼로902 사천농업기술센터 ,진주기상대(192)
2195,917,사천,경상남도 사천시용현면 진삼로902 사천농업기술센터 ,통영기상대(162)
2197,918,고성,경상남도 고성군고성읍 죽계리435-230  ,부산지방기상청(159)
2200,918,고성,경상남도 고성군고성읍 죽계리435-230  ,통영기상대(162)
2203,919,창녕,경상남도 창녕군대지면 효정리600  ,울산기상대(152)
2204,919,창녕,경상남도 창녕군대지면 효정리600  ,창원기상대(155)
2205,920,함안,경상남도 함안군가야읍 산서리 928(함안대로 755 함안군농업기술센터),창원기상대(155)
2210,921,가덕도,부산광역시 강서구가덕해안로 1237(대항로)진해 항만방어전대 263레이더기지,부산지방기상청(159)
2213,922,단장,경상남도 밀양시단장면 고례리1710번지  ,울산기상대(152)
2215,922,원동,경상남도 밀양시단장면 고례리1710번지  ,부산지방기상청(159)
2216,923,기장,부산광역시 기장군일광면 이천리산 1-5번지 128레이더기지,부산지방기상청(159)
2220,924,간절곶,울산광역시 울주군서생면 간절곶1길 39-2 간절곶항로표지관리소,울산기상대(152)
2223,925,생림,경상남도 김해시생림면 마사리666-9번지  ,부산지방기상청(159)
2227,926,진북,경상북도 창원시마산합포구 진북면덕곡덕기길 276 ,창원기상대(155)
2231,927,송백,경상남도 밀양시산내면 송백리1532-1번지  ,울산기상대(152)
2234,928,웅상,,부산지방기상청(159)
2236,929,개천,경상남도 고성군개천면 청광리418-8  ,부산지방기상청(159)
2240,929,개천,경상남도 고성군개천면 청광리418-8  ,통영기상대(162)
2241,930,사량도,경상남도 통영시사량면 능양길187-15  ,부산지방기상청(159)
2244,930,사량도,경상남도 통영시사량면 능양길187-15  ,통영기상대(162)
2246,931,욕지도,경상남도 통영시욕지면 동항리376-3  ,부산지방기상청(159)
2248,931,욕지도,경상남도 통영시욕지면 동항리376-3  ,통영기상대(162)
2250,932,하동,경상남도 하동군하동읍 신기리441-2, 441-5 
2256,933,금남,경상남도 하동군금남면 덕천리842-4 덕천가압장 ,창원기상대(155)
2259,933,금남,경상남도 하동군금남면 덕천리842-4 덕천가압장 ,진주기상대(192)
2261,933,금남,경상남도 하동군금남면 덕천리842-4 덕천가압장 ,통영기상대(162)
2262,934,수곡,경상남도 진주시수곡면 사곡리 96-9,창원기상대(155)
2264,934,수곡,경상남도 진주시수곡면 사곡리 96-9,진주기상대(192)
2266,935,청덕,경상남도 합천군청덕면 가현리 52-4,울산기상대(152)
2269,935,청덕,경상남도 합천군청덕면 가현리 52-4,거창기상대(284)
2270,935,청덕,경상남도 합천군청덕면 가현리 52-4,진주기상대(192)
2271,936,신포,경상남도 의령군칠곡면 신포리326 의령군농업기술센터 포장시험장,창원기상대(155)
2274,936,의령,경상남도 의령군칠곡면 신포리326 의령군농업기술센터 포장시험장,창원기상대(155)
2276,936,화정,경상남도 의령군칠곡면 신포리326 의령군농업기술센터 포장시험장,진주기상대(192)
2277,937,해운대,부산광역시 해운대구우동3로 9453사단 사령부 ,부산지방기상청(159)
2281,938,부산진,부산광역시 부산진구백양대로 320번길99 125연대 7대대,부산지방기상청(159)
2287,939,금정구,부산광역시 금정구체육공원로 399번길324  ,부산지방기상청(159)
2293,940,동래,부산광역시 동래구동래역사관길 18  ,부산지방기상청(159)
2295,940,동래구,부산광역시 동래구동래역사관길 18  ,부산지방기상청(159)
2298,941,북구,부산광역시 북구덕천2동 763  ,부산지방기상청(159)
2302,942,부산남구,부산광역시 남구감만동 산44-1방공대대 지상 ,부산지방기상청(159)
2305,942,대연,부산광역시 남구감만동 산44-1방공대대 지상 ,부산지방기상청(159)
2307,943,매곡,울산광역시 북구매곡동 838-31 기박산성 의병테마파크,울산기상대(152)
2309,943,공단,울산광역시 북구매곡동 838-31 기박산성 의병테마파크,울산기상대(152)
2310,944,길곡,경상남도 창녕군길곡면 증산리901-1 답 ,울산기상대(152)
2312,944,길곡,경상남도 창녕군길곡면 증산리901-1 답 ,창원기상대(155)
2313,945,대병,경상남도 합천군대병면 하금리575  ,울산기상대(152)
2315,945,대병,경상남도 합천군대병면 하금리575  ,거창기상대(284)
2317,946,북상,경상남도 거창군북상면 갈계리송계로 731-18 북상초등학교,울산기상대(152)
2320,946,북상,경상남도 거창군북상면 갈계리송계로 731-18 북상초등학교,거창기상대(284)
2322,947,명사,경상남도 거제시남부면 저구리423-3  ,부산지방기상청(159)
2325,947,명사,경상남도 거제시남부면 저구리423-3  ,통영기상대(162)
2327,947,석곡,경상남도 거제시남부면 저구리423-3  ,통영기상대(162)
2328,948,삼장,경상남도 산청군삼장면 덕교리618-3  ,창원기상대(155)
2331,948,삼장,경상남도 산청군삼장면 덕교리618-3  ,진주기상대(192)
2333,949,정자,울산광역시 북구산하동 958-2번지7765부대 2대대 5중대,울산기상대(152)
2336,950,사하,부산광역시 사하구다대로 83번길110(괴정동) 125연대 3대대,부산지방기상청(159)
2337,950,수영만,부산광역시 사하구다대로 83번길110(괴정동) 125연대 3대대,부산지방기상청(159)
2338,951,내장산,전라북도 정읍시내장동 560내장산 자연생태학습장 ,전주기상대(146)
2340,951,내장산,전라북도 정읍시내장동 560내장산 자연생태학습장 ,정읍기상대(245)
2342,953,장목,경상남도 거제시장목면 장목리360-12  ,부산지방기상청(159)
2343,953,장목,경상남도 거제시장목면 장목리360-12  ,통영기상대(162)
2345,954,온산,울산광역시 울주군온산읍 이진리산 64번지 127레이더기지,울산기상대(152)
2347,954,두서,울산광역시 울주군온산읍 이진리산 64번지 127레이더기지,울산기상대(152)
2348,955,서수도,,인천기상대(112)
2349,956,가대암,,
2350,957,십이동파,,전주기상대(146)
2352,958,갈매여,,전주기상대(146)
2353,959,해수서,,광주지방기상청(156)
2354,960,지귀도,,제주지방기상청(184)
2358,961,간여암,,광주지방기상청(156)
2361,962,광안,,부산지방기상청(159)
2362,963,이덕서,,울산기상대(152)
2363,964,마량,전라남도 강진군마량면 마량리1132-11  ,목포기상대(165)
2366,965,한라산남벽,,제주지방기상청(184)
2367,966,풍도,,인천기상대(112)
2369,967,도리도,,인천기상대(112)
2371,968,남항,,부산지방기상청(159)
2374,969,북항,,부산지방기상청(159)
2377,970,철원장흥,강원도 철원군 동송읍 장흥로 311철원농업기술센터 농지,춘천기상대(101)
2379,970,철원(농),강원도 철원군 동송읍 장흥로 311철원농업기술센터 농지,춘천기상대(101)
2381,970,철원(농),강원도 철원군 동송읍 장흥로 311철원농업기술센터 농지,철원기상대(95)
2383,971,수원(농),경기도 수원시 권선구서호로 149(수도권기상청),
2384,972,안동옥동,경상북도 안동시하이마로 385(옥동1202) 한국생명과학고등학교 ,안동기상대(136)
2385,972,안동(농),경상북도 안동시하이마로 385(옥동1202) 한국생명과학고등학교 ,안동기상대(136)
2387,973,화순능주,전라남도 화순군능주면 만수리 794-42275  ,광주지방기상청(156)
2389,973,순천(농),전라남도 화순군능주면 만수리 794-42275  ,광주지방기상청(156)
2390,973,순천(농),전라남도 화순군능주면 만수리 794-42275  ,여수기상대(168)
2391,973,순천(농),전라남도 화순군능주면 만수리 794-42275  ,순천기상대(174)
2392,974,대곡,경상남도 진주시대곡면 소실길12-116  ,창원기상대(155)
2394,974,진주(농),경상남도 진주시대곡면 소실길12-116  ,창원기상대(155)
2396,974,진주(농),경상남도 진주시대곡면 소실길12-116  ,진주기상대(192)
2399,975,전주(농),전라북도 익산시 신흥동270 전북농업기술원,전주기상대(146)
2402,977,오창가곡,충청북도 청원군오창읍 가곡길46  ,청주기상대(131)
2404,977,청주(농),충청북도 청원군오창읍 가곡길46  ,청주기상대(131)
2406,978,춘천신북,강원도 춘천시신북읍 유포리1234 강원도농업기술원 ,춘천기상대(101)
2407,978,춘천(농),강원도 춘천시신북읍 유포리1234 강원도농업기술원 ,춘천기상대(101)
2409,979,서산(농),충청남도 서산시 수석1길124-1,
2411,979,서산(농),충청남도 서산시 수석1길124-1,홍성기상대(서산 129)
2412,980,강정,제주특별자치도 서귀포시 중산간서로 212제주농업기술원 (강정동),제주지방기상청(184)
2413,980,서귀포(농),제주특별자치도 서귀포시 중산간서로 212제주농업기술원 (강정동),제주지방기상청(184)
2415,980,서귀포(농),제주특별자치도 서귀포시 중산간서로 212제주농업기술원 (강정동),서귀포지역기상서비스센터(189)
2416,980,강서A,제주특별자치도 서귀포시 중산간서로 212제주농업기술원 (강정동),부산지방기상청(159)
2417,981,보성군(농),전라남도 보성군 득량면 득량만길 379,여수기상대(168)
2418,981,낙동A,전라남도 보성군 득량면 득량만길 379,부산지방기상청(159)
2419,984,오륙도,,부산지방기상청(159)
2420,989,안덕화순,,제주지방기상청(184)
2421,990,낙천,,제주지방기상청(184)
2422,991,옥포,,대구(구 143)
2423,992,하빈,,대구(구 143)
